"The Day Ahead Auction prices for the following bidding zones is published without any change under the CC BY 4.0 (creativecommons.org/licenses/by/4.0) license with the source Bundesnetzagentur | SMARD.de: AT, BE, CH, CZ, DE-LU, DE-AT-LU, DK1, DK2, FR, HU, IT-NORTH, NL, NO2, PL, SE4, SI"
Date (GMT+2),Nuclear,Non-Renewable,Renewable,Day Ahead Auction (SI)
,Power (MW),Power (MW),Power (MW),"Price (EUR/MWh, EUR/tCO2)"
2026-09-01T00:00+02:00,664.056,47.31402,251.50814,210.52
2026-09-01T00:15+02:00,664.056,47.31402,251.50814,190.01
2026-09-01T00:30+02:00,664.056,47.31402,251.50814,182.23
2026-09-01T00:45+02:00,664.056,47.31402,251.50814,171.65
2026-09-01T01:00+02:00,666.024,47.032579999999996,92.40034000000001,166.7
2026-09-01T01:15+02:00,666.024,47.032579999999996,92.40034000000001,164.89
2026-09-01T01:30+02:00,666.024,47.032579999999996,92.40034000000001,157.78
2026-09-01T01:45+02:00,666.024,47.032579999999996,92.40034000000001,156.64
2026-09-01T02:00+02:00,667.804,47.045739999999995,82.42626,165.33
2026-09-01T02:15+02:00,667.804,47.045739999999995,82.42626,164.19
2026-09-01T02:30+02:00,667.804,47.045739999999995,82.42626,160.94
2026-09-01T02:45+02:00,667.804,47.045739999999995,82.42626,160.51
2026-09-01T03:00+02:00,668.416,47.32146,84.4849,162.83
2026-09-01T03:15+02:00,668.416,47.32146,84.4849,153.88
2026-09-01T03:30+02:00,668.416,47.32146,84.4849,153.09
2026-09-01T03:45+02:00,668.416,47.32146,84.4849,151.47
2026-09-01T04:00+02:00,668.676,47.138540000000006,81.13046000000001,154.67
2026-09-01T04:15+02:00,668.676,47.138540000000006,81.13046000000001,151.07
2026-09-01T04:30+02:00,668.676,47.138540000000006,81.13046000000001,157.57
2026-09-01T04:45+02:00,668.676,47.138540000000006,81.13046000000001,164.75
2026-09-01T05:00+02:00,668.888,42.01746,89.19601999999999,159.19
2026-09-01T05:15+02:00,668.888,42.01746,89.19601999999999,165.59
2026-09-01T05:30+02:00,668.888,42.01746,89.19601999999999,182.77
2026-09-01T05:45+02:00,668.888,42.01746,89.19601999999999,192.5
2026-09-01T06:00+02:00,669.34,44.720259999999996,382.4585000000001,202.71
2026-09-01T06:15+02:00,669.34,44.720259999999996,382.4585000000001,209.29
2026-09-01T06:30+02:00,669.34,44.720259999999996,382.4585000000001,214.82
2026-09-01T06:45+02:00,669.34,44.720259999999996,382.4585000000001,207.32
2026-09-01T07:00+02:00,669.088,45.40841999999999,475.40018,215.81
2026-09-01T07:15+02:00,669.088,45.40841999999999,475.40018,219.94
2026-09-01T07:30+02:00,669.088,45.40841999999999,475.40018,216.03
2026-09-01T07:45+02:00,669.088,45.40841999999999,475.40018,203.96
2026-09-01T08:00+02:00,668.784,41.24004,385.839573,222.86
2026-09-01T08:15+02:00,668.784,41.24004,385.839573,213.56
2026-09-01T08:30+02:00,668.784,41.24004,385.839573,188.3
2026-09-01T08:45+02:00,668.784,41.24004,385.839573,166.64
2026-09-01T09:00+02:00,667.792,41.57964,446.267342,195.11
2026-09-01T09:15+02:00,667.792,41.57964,446.267342,172.88
2026-09-01T09:30+02:00,667.792,41.57964,446.267342,144.14
2026-09-01T09:45+02:00,667.792,41.57964,446.267342,118.77
2026-09-01T10:00+02:00,667.536,41.1469,756.9050629999999,140.98
2026-09-01T10:15+02:00,667.536,41.1469,756.9050629999999,121.6
2026-09-01T10:30+02:00,667.536,41.1469,756.9050629999999,116.87
2026-09-01T10:45+02:00,667.536,41.1469,756.9050629999999,105.77
2026-09-01T11:00+02:00,666.544,40.59994,877.695101,111.31
2026-09-01T11:15+02:00,666.544,40.59994,877.695101,96.33
2026-09-01T11:30+02:00,666.544,40.59994,877.695101,81.06
2026-09-01T11:45+02:00,666.544,40.59994,877.695101,71.29
2026-09-01T12:00+02:00,664.568,41.33444,1043.144851,83.63
2026-09-01T12:15+02:00,664.568,41.33444,1043.144851,79.55
2026-09-01T12:30+02:00,664.568,41.33444,1043.144851,79.75
2026-09-01T12:45+02:00,664.568,41.33444,1043.144851,83.45
2026-09-01T13:00+02:00,663,40.07914,1065.5759699999999,90.48
2026-09-01T13:15+02:00,663,40.07914,1065.5759699999999,89.21
2026-09-01T13:30+02:00,663,40.07914,1065.5759699999999,86.11
2026-09-01T13:45+02:00,663,40.07914,1065.5759699999999,83.64
2026-09-01T14:00+02:00,663.468,40.633340000000004,1015.593163,89.98
2026-09-01T14:15+02:00,663.468,40.633340000000004,1015.593163,77.45
2026-09-01T14:30+02:00,663.468,40.633340000000004,1015.593163,82.31
2026-09-01T14:45+02:00,663.468,40.633340000000004,1015.593163,101.52
2026-09-01T15:00+02:00,663.128,41.34632,921.376424,73.56
2026-09-01T15:15+02:00,663.128,41.34632,921.376424,81.46
2026-09-01T15:30+02:00,663.128,41.34632,921.376424,134.99
2026-09-01T15:45+02:00,663.128,41.34632,921.376424,166.9
2026-09-01T16:00+02:00,663.544,39.65888,773.485333,107.09
2026-09-01T16:15+02:00,663.544,39.65888,773.485333,176.1
2026-09-01T16:30+02:00,663.544,39.65888,773.485333,186.78
2026-09-01T16:45+02:00,663.544,39.65888,773.485333,183.5
2026-09-01T17:00+02:00,663.324,39.85773999999999,695.380939,166.8
2026-09-01T17:15+02:00,663.324,39.85773999999999,695.380939,180.38
2026-09-01T17:30+02:00,663.324,39.85773999999999,695.380939,201.76
2026-09-01T17:45+02:00,663.324,39.85773999999999,695.380939,213.14
2026-09-01T18:00+02:00,662.26,43.997260000000004,692.57019,180
2026-09-01T18:15+02:00,662.26,43.997260000000004,692.57019,205.09
2026-09-01T18:30+02:00,662.26,43.997260000000004,692.57019,221.71
2026-09-01T18:45+02:00,662.26,43.997260000000004,692.57019,233.39
2026-09-01T19:00+02:00,663.924,47.713559999999994,581.744261,239.75
2026-09-01T19:15+02:00,663.924,47.713559999999994,581.744261,228.7
2026-09-01T19:30+02:00,663.924,47.713559999999994,581.744261,248.73
2026-09-01T19:45+02:00,663.924,47.713559999999994,581.744261,261.4
2026-09-01T20:00+02:00,663.992,47.93064,576.6667199999999,232.45
2026-09-01T20:15+02:00,663.992,47.93064,576.6667199999999,236.05
2026-09-01T20:30+02:00,663.992,47.93064,576.6667199999999,239.69
2026-09-01T20:45+02:00,663.992,47.93064,576.6667199999999,236.19
2026-09-01T21:00+02:00,665.112,47.91608,528.6915200000001,234.17
2026-09-01T21:15+02:00,665.112,47.91608,528.6915200000001,222.72
2026-09-01T21:30+02:00,665.112,47.91608,528.6915200000001,222.78
2026-09-01T21:45+02:00,665.112,47.91608,528.6915200000001,213.94
2026-09-01T22:00+02:00,665.22,44.525839999999995,475.08316,225.74
2026-09-01T22:15+02:00,665.22,44.525839999999995,475.08316,220.95
2026-09-01T22:30+02:00,665.22,44.525839999999995,475.08316,218.99
2026-09-01T22:45+02:00,665.22,44.525839999999995,475.08316,201.76
2026-09-01T23:00+02:00,665.868,43.61066000000001,439.78497999999996,205.54
2026-09-01T23:15+02:00,665.868,43.61066000000001,439.78497999999996,196.62
2026-09-01T23:30+02:00,665.868,43.61066000000001,439.78497999999996,197.95
2026-09-01T23:45+02:00,665.868,43.61066000000001,439.78497999999996,196.96
2026-09-02T00:00+02:00,666.544,40.92068,372.74836000000005,211.6
2026-09-02T00:15+02:00,666.544,40.92068,372.74836000000005,211.06
2026-09-02T00:30+02:00,666.544,40.92068,372.74836000000005,196.63
2026-09-02T00:45+02:00,666.544,40.92068,372.74836000000005,168.72
2026-09-02T01:00+02:00,666.788,40.7203,315.07737999999995,197.26
2026-09-02T01:15+02:00,666.788,40.7203,315.07737999999995,194.89
2026-09-02T01:30+02:00,666.788,40.7203,315.07737999999995,200
2026-09-02T01:45+02:00,666.788,40.7203,315.07737999999995,196.24
2026-09-02T02:00+02:00,667.272,40.798120000000004,166.5806,192.32
2026-09-02T02:15+02:00,667.272,40.798120000000004,166.5806,182.46
2026-09-02T02:30+02:00,667.272,40.798120000000004,166.5806,174.56
2026-09-02T02:45+02:00,667.272,40.798120000000004,166.5806,170.64
2026-09-02T03:00+02:00,668.04,40.70644,142.00784000000002,177.8
2026-09-02T03:15+02:00,668.04,40.70644,142.00784000000002,173.55
2026-09-02T03:30+02:00,668.04,40.70644,142.00784000000002,172.35
2026-09-02T03:45+02:00,668.04,40.70644,142.00784000000002,170
2026-09-02T04:00+02:00,668.336,40.79168,140.52636,170.4
2026-09-02T04:15+02:00,668.336,40.79168,140.52636,163.71
2026-09-02T04:30+02:00,668.336,40.79168,140.52636,164.34
2026-09-02T04:45+02:00,668.336,40.79168,140.52636,170.65
2026-09-02T05:00+02:00,668.44,40.81982,300.16206000000005,174.02
2026-09-02T05:15+02:00,668.44,40.81982,300.16206000000005,182
2026-09-02T05:30+02:00,668.44,40.81982,300.16206000000005,184.48
2026-09-02T05:45+02:00,668.44,40.81982,300.16206000000005,198.4
2026-09-02T06:00+02:00,668.636,45.361720000000005,505.87148,217.47
2026-09-02T06:15+02:00,668.636,45.361720000000005,505.87148,218.31
2026-09-02T06:30+02:00,668.636,45.361720000000005,505.87148,219.58
2026-09-02T06:45+02:00,668.636,45.361720000000005,505.87148,224.23
2026-09-02T07:00+02:00,668.076,46.48214,605.30747,223.49
2026-09-02T07:15+02:00,668.076,46.48214,605.30747,221.71
2026-09-02T07:30+02:00,668.076,46.48214,605.30747,222.64
2026-09-02T07:45+02:00,668.076,46.48214,605.30747,218.03
2026-09-02T08:00+02:00,667.668,41.85818,603.4233409999999,223.18
2026-09-02T08:15+02:00,667.668,41.85818,603.4233409999999,210.03
2026-09-02T08:30+02:00,667.668,41.85818,603.4233409999999,195.51
2026-09-02T08:45+02:00,667.668,41.85818,603.4233409999999,191.8
2026-09-02T09:00+02:00,667.056,40.809439999999995,720.608265,192.73
2026-09-02T09:15+02:00,667.056,40.809439999999995,720.608265,184.79
2026-09-02T09:30+02:00,667.056,40.809439999999995,720.608265,190.78
2026-09-02T09:45+02:00,667.056,40.809439999999995,720.608265,178.32
2026-09-02T10:00+02:00,666.668,40.95967999999999,864.209023,162.98
2026-09-02T10:15+02:00,666.668,40.95967999999999,864.209023,147.8
2026-09-02T10:30+02:00,666.668,40.95967999999999,864.209023,144.75
2026-09-02T10:45+02:00,666.668,40.95967999999999,864.209023,125.71
2026-09-02T11:00+02:00,664.72,41.28912,983.60626,137.88
2026-09-02T11:15+02:00,664.72,41.28912,983.60626,124.79
2026-09-02T11:30+02:00,664.72,41.28912,983.60626,115.69
2026-09-02T11:45+02:00,664.72,41.28912,983.60626,105.14
2026-09-02T12:00+02:00,664.276,40.83842,1073.601236,109.72
2026-09-02T12:15+02:00,664.276,40.83842,1073.601236,107.36
2026-09-02T12:30+02:00,664.276,40.83842,1073.601236,107.52
2026-09-02T12:45+02:00,664.276,40.83842,1073.601236,106.23
2026-09-02T13:00+02:00,664.468,40.62456,1089.410902,100.6
2026-09-02T13:15+02:00,664.468,40.62456,1089.410902,108.6
2026-09-02T13:30+02:00,664.468,40.62456,1089.410902,112.3
2026-09-02T13:45+02:00,664.468,40.62456,1089.410902,119.1
2026-09-02T14:00+02:00,663.824,41.033840000000005,1044.455337,105.89
2026-09-02T14:15+02:00,663.824,41.033840000000005,1044.455337,111.44
2026-09-02T14:30+02:00,663.824,41.033840000000005,1044.455337,132.41
2026-09-02T14:45+02:00,663.824,41.033840000000005,1044.455337,143.19
2026-09-02T15:00+02:00,664.052,40.726099999999995,951.442628,182.61
2026-09-02T15:15+02:00,664.052,40.726099999999995,951.442628,149.73
2026-09-02T15:30+02:00,664.052,40.726099999999995,951.442628,164.84
2026-09-02T15:45+02:00,664.052,40.726099999999995,951.442628,190
2026-09-02T16:00+02:00,662.492,40.60396,814.163352,153.45
2026-09-02T16:15+02:00,662.492,40.60396,814.163352,197.84
2026-09-02T16:30+02:00,662.492,40.60396,814.163352,222.7
2026-09-02T16:45+02:00,662.492,40.60396,814.163352,219.12
2026-09-02T17:00+02:00,662.692,44.00962,750.743162,223.6
2026-09-02T17:15+02:00,662.692,44.00962,750.743162,232.43
2026-09-02T17:30+02:00,662.692,44.00962,750.743162,245.4
2026-09-02T17:45+02:00,662.692,44.00962,750.743162,270.36
2026-09-02T18:00+02:00,663.068,42.9722,656.812721,224.65
2026-09-02T18:15+02:00,663.068,42.9722,656.812721,248.64
2026-09-02T18:30+02:00,663.068,42.9722,656.812721,264.01
2026-09-02T18:45+02:00,663.068,42.9722,656.812721,282.7
2026-09-02T19:00+02:00,663.024,150.57648,561.9537750000001,269.75
2026-09-02T19:15+02:00,663.024,150.57648,561.9537750000001,280
2026-09-02T19:30+02:00,663.024,150.57648,561.9537750000001,282.7
2026-09-02T19:45+02:00,663.024,150.57648,561.9537750000001,285.16
2026-09-02T20:00+02:00,662.872,152.1103,592.0964200000001,276.78
2026-09-02T20:15+02:00,662.872,152.1103,592.0964200000001,276.31
2026-09-02T20:30+02:00,662.872,152.1103,592.0964200000001,270.13
2026-09-02T20:45+02:00,662.872,152.1103,592.0964200000001,263.4
2026-09-02T21:00+02:00,663.868,109.36602,497.76457999999997,269.17
2026-09-02T21:15+02:00,663.868,109.36602,497.76457999999997,239.15
2026-09-02T21:30+02:00,663.868,109.36602,497.76457999999997,219.52
2026-09-02T21:45+02:00,663.868,109.36602,497.76457999999997,208.88
2026-09-02T22:00+02:00,664.516,43.88056,454.06267999999994,228
2026-09-02T22:15+02:00,664.516,43.88056,454.06267999999994,217.88
2026-09-02T22:30+02:00,664.516,43.88056,454.06267999999994,203.86
2026-09-02T22:45+02:00,664.516,43.88056,454.06267999999994,187.9
2026-09-02T23:00+02:00,664.164,42.86844000000001,355.14828000000006,210.88
2026-09-02T23:15+02:00,664.164,42.86844000000001,355.14828000000006,196.22
2026-09-02T23:30+02:00,664.164,42.86844000000001,355.14828000000006,179.36
2026-09-02T23:45+02:00,664.164,42.86844000000001,355.14828000000006,173.52
2026-09-03T00:00+02:00,664.748,40.11892,326.98164,221.95
2026-09-03T00:15+02:00,664.748,40.11892,326.98164,215.31
2026-09-03T00:30+02:00,664.748,40.11892,326.98164,209.3
2026-09-03T00:45+02:00,664.748,40.11892,326.98164,196.67
2026-09-03T01:00+02:00,665.392,40.262119999999996,216.52316,191.47
2026-09-03T01:15+02:00,665.392,40.262119999999996,216.52316,185.43
2026-09-03T01:30+02:00,665.392,40.262119999999996,216.52316,186.48
2026-09-03T01:45+02:00,665.392,40.262119999999996,216.52316,178.1
2026-09-03T02:00+02:00,665.552,40.217740000000006,90.02038000000002,184.9
2026-09-03T02:15+02:00,665.552,40.217740000000006,90.02038000000002,177.37
2026-09-03T02:30+02:00,665.552,40.217740000000006,90.02038000000002,173.7
2026-09-03T02:45+02:00,665.552,40.217740000000006,90.02038000000002,156.31
2026-09-03T03:00+02:00,665.48,40.35964,85.86771999999999,171.33
2026-09-03T03:15+02:00,665.48,40.35964,85.86771999999999,170.46
2026-09-03T03:30+02:00,665.48,40.35964,85.86771999999999,169.94
2026-09-03T03:45+02:00,665.48,40.35964,85.86771999999999,168.38
2026-09-03T04:00+02:00,665.816,40.37016,87.57955999999999,175.24
2026-09-03T04:15+02:00,665.816,40.37016,87.57955999999999,172.28
2026-09-03T04:30+02:00,665.816,40.37016,87.57955999999999,182.24
2026-09-03T04:45+02:00,665.816,40.37016,87.57955999999999,184.47
2026-09-03T05:00+02:00,666.812,40.758700000000005,201.90558,189.86
2026-09-03T05:15+02:00,666.812,40.758700000000005,201.90558,192.66
2026-09-03T05:30+02:00,666.812,40.758700000000005,201.90558,202.2
2026-09-03T05:45+02:00,666.812,40.758700000000005,201.90558,208.59
2026-09-03T06:00+02:00,666.344,45.34199999999999,404.30548000000005,241.66
2026-09-03T06:15+02:00,666.344,45.34199999999999,404.30548000000005,227.91
2026-09-03T06:30+02:00,666.344,45.34199999999999,404.30548000000005,232.31
2026-09-03T06:45+02:00,666.344,45.34199999999999,404.30548000000005,236.38
2026-09-03T07:00+02:00,666.868,45.35892,515.056107,224.88
2026-09-03T07:15+02:00,666.868,45.35892,515.056107,229.8
2026-09-03T07:30+02:00,666.868,45.35892,515.056107,224.66
2026-09-03T07:45+02:00,666.868,45.35892,515.056107,191.08
2026-09-03T08:00+02:00,666.192,43.51518,597.185232,223.84
2026-09-03T08:15+02:00,666.192,43.51518,597.185232,208.69
2026-09-03T08:30+02:00,666.192,43.51518,597.185232,176.99
2026-09-03T08:45+02:00,666.192,43.51518,597.185232,150
2026-09-03T09:00+02:00,665.02,42.24282,659.046448,185.21
2026-09-03T09:15+02:00,665.02,42.24282,659.046448,156.62
2026-09-03T09:30+02:00,665.02,42.24282,659.046448,135
2026-09-03T09:45+02:00,665.02,42.24282,659.046448,121.5
2026-09-03T10:00+02:00,665.044,41.82506,778.751441,136.42
2026-09-03T10:15+02:00,665.044,41.82506,778.751441,132.85
2026-09-03T10:30+02:00,665.044,41.82506,778.751441,124.67
2026-09-03T10:45+02:00,665.044,41.82506,778.751441,132.02
2026-09-03T11:00+02:00,664.164,41.50878,940.7783059999999,112.27
2026-09-03T11:15+02:00,664.164,41.50878,940.7783059999999,113.31
2026-09-03T11:30+02:00,664.164,41.50878,940.7783059999999,115.09
2026-09-03T11:45+02:00,664.164,41.50878,940.7783059999999,115.11
2026-09-03T12:00+02:00,662.212,41.59468,1059.2041880000002,108.12
2026-09-03T12:15+02:00,662.212,41.59468,1059.2041880000002,120.1
2026-09-03T12:30+02:00,662.212,41.59468,1059.2041880000002,118.88
2026-09-03T12:45+02:00,662.212,41.59468,1059.2041880000002,134.99
2026-09-03T13:00+02:00,661.788,41.6567,1109.499041,141.94
2026-09-03T13:15+02:00,661.788,41.6567,1109.499041,150.04
2026-09-03T13:30+02:00,661.788,41.6567,1109.499041,166.11
2026-09-03T13:45+02:00,661.788,41.6567,1109.499041,160.9
2026-09-03T14:00+02:00,662.996,42.10773999999999,1034.3992580000001,142.81
2026-09-03T14:15+02:00,662.996,42.10773999999999,1034.3992580000001,167.35
2026-09-03T14:30+02:00,662.996,42.10773999999999,1034.3992580000001,187.9
2026-09-03T14:45+02:00,662.996,42.10773999999999,1034.3992580000001,188.42
2026-09-03T15:00+02:00,663.012,44.36354,872.965999,197.89
2026-09-03T15:15+02:00,663.012,44.36354,872.965999,200
2026-09-03T15:30+02:00,663.012,44.36354,872.965999,197.98
2026-09-03T15:45+02:00,663.012,44.36354,872.965999,200
2026-09-03T16:00+02:00,663.264,44.76586,711.621545,202.96
2026-09-03T16:15+02:00,663.264,44.76586,711.621545,205
2026-09-03T16:30+02:00,663.264,44.76586,711.621545,223.2
2026-09-03T16:45+02:00,663.264,44.76586,711.621545,219.65
2026-09-03T17:00+02:00,663.552,44.62426000000001,600.65054,213
2026-09-03T17:15+02:00,663.552,44.62426000000001,600.65054,225.18
2026-09-03T17:30+02:00,663.552,44.62426000000001,600.65054,232.43
2026-09-03T17:45+02:00,663.552,44.62426000000001,600.65054,232.43
2026-09-03T18:00+02:00,664.54,45.182379999999995,700.693098,228.04
2026-09-03T18:15+02:00,664.54,45.182379999999995,700.693098,207.99
2026-09-03T18:30+02:00,664.54,45.182379999999995,700.693098,246.13
2026-09-03T18:45+02:00,664.54,45.182379999999995,700.693098,250.79
2026-09-03T19:00+02:00,663.316,56.58826,576.863656,250
2026-09-03T19:15+02:00,663.316,56.58826,576.863656,234.91
2026-09-03T19:30+02:00,663.316,56.58826,576.863656,236.83
2026-09-03T19:45+02:00,663.316,56.58826,576.863656,250.43
2026-09-03T20:00+02:00,663.516,56.81764,550.27448,263.39
2026-09-03T20:15+02:00,663.516,56.81764,550.27448,270.77
2026-09-03T20:30+02:00,663.516,56.81764,550.27448,244.21
2026-09-03T20:45+02:00,663.516,56.81764,550.27448,233.81
2026-09-03T21:00+02:00,663.74,55.11184,491.94396000000006,228
2026-09-03T21:15+02:00,663.74,55.11184,491.94396000000006,232.63
2026-09-03T21:30+02:00,663.74,55.11184,491.94396000000006,218.97
2026-09-03T21:45+02:00,663.74,55.11184,491.94396000000006,212.58
2026-09-03T22:00+02:00,664.496,51.8938,351.6414,225.41
2026-09-03T22:15+02:00,664.496,51.8938,351.6414,218
2026-09-03T22:30+02:00,664.496,51.8938,351.6414,213.18
2026-09-03T22:45+02:00,664.496,51.8938,351.6414,200.7
2026-09-03T23:00+02:00,665.236,50.833839999999995,332.19239999999996,204.7
2026-09-03T23:15+02:00,665.236,50.833839999999995,332.19239999999996,183.74
2026-09-03T23:30+02:00,665.236,50.833839999999995,332.19239999999996,192.86
2026-09-03T23:45+02:00,665.236,50.833839999999995,332.19239999999996,181.57
2026-09-04T00:00+02:00,665.464,47.890100000000004,225.17641999999998,206.94
2026-09-04T00:15+02:00,665.464,47.890100000000004,225.17641999999998,174.81
2026-09-04T00:30+02:00,665.464,47.890100000000004,225.17641999999998,165.63
2026-09-04T00:45+02:00,665.464,47.890100000000004,225.17641999999998,151.04
2026-09-04T01:00+02:00,665.396,47.45352,140.10044,186.3
2026-09-04T01:15+02:00,665.396,47.45352,140.10044,167.56
2026-09-04T01:30+02:00,665.396,47.45352,140.10044,163.92
2026-09-04T01:45+02:00,665.396,47.45352,140.10044,153.79
2026-09-04T02:00+02:00,665.132,47.62574,117.03433999999999,165.85
2026-09-04T02:15+02:00,665.132,47.62574,117.03433999999999,156.95
2026-09-04T02:30+02:00,665.132,47.62574,117.03433999999999,160.96
2026-09-04T02:45+02:00,665.132,47.62574,117.03433999999999,157.59
2026-09-04T03:00+02:00,665.992,47.836859999999994,111.37946000000001,168.37
2026-09-04T03:15+02:00,665.992,47.836859999999994,111.37946000000001,168.22
2026-09-04T03:30+02:00,665.992,47.836859999999994,111.37946000000001,162.06
2026-09-04T03:45+02:00,665.992,47.836859999999994,111.37946000000001,162.39
2026-09-04T04:00+02:00,666.06,48.002880000000005,110.90496,172.25
2026-09-04T04:15+02:00,666.06,48.002880000000005,110.90496,176.51
2026-09-04T04:30+02:00,666.06,48.002880000000005,110.90496,182.09
2026-09-04T04:45+02:00,666.06,48.002880000000005,110.90496,186.3
2026-09-04T05:00+02:00,666.012,47.9815,116.12818,188.69
2026-09-04T05:15+02:00,666.012,47.9815,116.12818,192.76
2026-09-04T05:30+02:00,666.012,47.9815,116.12818,198
2026-09-04T05:45+02:00,666.012,47.9815,116.12818,205.96
2026-09-04T06:00+02:00,665.952,53.04203999999999,371.95063999999996,215.55
2026-09-04T06:15+02:00,665.952,53.04203999999999,371.95063999999996,221.67
2026-09-04T06:30+02:00,665.952,53.04203999999999,371.95063999999996,226.37
2026-09-04T06:45+02:00,665.952,53.04203999999999,371.95063999999996,224.44
2026-09-04T07:00+02:00,666.74,52.6878,616.004911,230.43
2026-09-04T07:15+02:00,666.74,52.6878,616.004911,224.83
2026-09-04T07:30+02:00,666.74,52.6878,616.004911,203.12
2026-09-04T07:45+02:00,666.74,52.6878,616.004911,180.38
2026-09-04T08:00+02:00,665.856,48.5627,581.7394999999999,216.49
2026-09-04T08:15+02:00,665.856,48.5627,581.7394999999999,180.59
2026-09-04T08:30+02:00,665.856,48.5627,581.7394999999999,162.8
2026-09-04T08:45+02:00,665.856,48.5627,581.7394999999999,147
2026-09-04T09:00+02:00,664.436,45.995920000000005,700.812124,192.27
2026-09-04T09:15+02:00,664.436,45.995920000000005,700.812124,157.37
2026-09-04T09:30+02:00,664.436,45.995920000000005,700.812124,129.22
2026-09-04T09:45+02:00,664.436,45.995920000000005,700.812124,97.43
2026-09-04T10:00+02:00,664.184,45.82848,830.354489,125.63
2026-09-04T10:15+02:00,664.184,45.82848,830.354489,115.05
2026-09-04T10:30+02:00,664.184,45.82848,830.354489,124.37
2026-09-04T10:45+02:00,664.184,45.82848,830.354489,108.4
2026-09-04T11:00+02:00,664.2,45.69922,992.880499,128.95
2026-09-04T11:15+02:00,664.2,45.69922,992.880499,124.66
2026-09-04T11:30+02:00,664.2,45.69922,992.880499,88.19
2026-09-04T11:45+02:00,664.2,45.69922,992.880499,77
2026-09-04T12:00+02:00,664.084,45.54316,1068.24521,76.65
2026-09-04T12:15+02:00,664.084,45.54316,1068.24521,47.18
2026-09-04T12:30+02:00,664.084,45.54316,1068.24521,37.9
2026-09-04T12:45+02:00,664.084,45.54316,1068.24521,54.52
2026-09-04T13:00+02:00,662.872,45.41662,1081.553842,77.41
2026-09-04T13:15+02:00,662.872,45.41662,1081.553842,72.08
2026-09-04T13:30+02:00,662.872,45.41662,1081.553842,65.19
2026-09-04T13:45+02:00,662.872,45.41662,1081.553842,23.81
2026-09-04T14:00+02:00,662.3,45.64232,1076.645029,86.96
2026-09-04T14:15+02:00,662.3,45.64232,1076.645029,80.62
2026-09-04T14:30+02:00,662.3,45.64232,1076.645029,42.44
2026-09-04T14:45+02:00,662.3,45.64232,1076.645029,44.74
2026-09-04T15:00+02:00,662.684,45.14372,971.605595,65.93
2026-09-04T15:15+02:00,662.684,45.14372,971.605595,68.1
2026-09-04T15:30+02:00,662.684,45.14372,971.605595,98.86
2026-09-04T15:45+02:00,662.684,45.14372,971.605595,183.41
2026-09-04T16:00+02:00,662.204,44.86478,798.652433,110.53
2026-09-04T16:15+02:00,662.204,44.86478,798.652433,169.32
2026-09-04T16:30+02:00,662.204,44.86478,798.652433,220.34
2026-09-04T16:45+02:00,662.204,44.86478,798.652433,205.96
2026-09-04T17:00+02:00,662.112,47.845800000000004,689.874505,205
2026-09-04T17:15+02:00,662.112,47.845800000000004,689.874505,226.84
2026-09-04T17:30+02:00,662.112,47.845800000000004,689.874505,264
2026-09-04T17:45+02:00,662.112,47.845800000000004,689.874505,270.79
2026-09-04T18:00+02:00,662.032,53.66556,686.4011889999999,225.76
2026-09-04T18:15+02:00,662.032,53.66556,686.4011889999999,248
2026-09-04T18:30+02:00,662.032,53.66556,686.4011889999999,247
2026-09-04T18:45+02:00,662.032,53.66556,686.4011889999999,279.24
2026-09-04T19:00+02:00,660.78,54.68144,555.01924,241.49
2026-09-04T19:15+02:00,660.78,54.68144,555.01924,269.83
2026-09-04T19:30+02:00,660.78,54.68144,555.01924,279.24
2026-09-04T19:45+02:00,660.78,54.68144,555.01924,279.24
2026-09-04T20:00+02:00,661.892,54.3437,514.81774,230.66
2026-09-04T20:15+02:00,661.892,54.3437,514.81774,217.54
2026-09-04T20:30+02:00,661.892,54.3437,514.81774,208.9
2026-09-04T20:45+02:00,661.892,54.3437,514.81774,199.2
2026-09-04T21:00+02:00,662.076,51.948820000000005,469.5947,224.38
2026-09-04T21:15+02:00,662.076,51.948820000000005,469.5947,214.54
2026-09-04T21:30+02:00,662.076,51.948820000000005,469.5947,217.46
2026-09-04T21:45+02:00,662.076,51.948820000000005,469.5947,215.28
2026-09-04T22:00+02:00,662.964,51.972579999999994,437.38606,230.91
2026-09-04T22:15+02:00,662.964,51.972579999999994,437.38606,209.24
2026-09-04T22:30+02:00,662.964,51.972579999999994,437.38606,210.96
2026-09-04T22:45+02:00,662.964,51.972579999999994,437.38606,202.25
2026-09-04T23:00+02:00,663.24,48.50354,328.9780999999999,224.34
2026-09-04T23:15+02:00,663.24,48.50354,328.9780999999999,195.58
2026-09-04T23:30+02:00,663.24,48.50354,328.9780999999999,159.46
2026-09-04T23:45+02:00,663.24,48.50354,328.9780999999999,142.2
2026-09-05T00:00+02:00,663.832,46.9424,219.57376000000002,208.7
2026-09-05T00:15+02:00,663.832,46.9424,219.57376000000002,204.54
2026-09-05T00:30+02:00,663.832,46.9424,219.57376000000002,186.6
2026-09-05T00:45+02:00,663.832,46.9424,219.57376000000002,177.61
2026-09-05T01:00+02:00,664.684,46.87292,223.25364,197.92
2026-09-05T01:15+02:00,664.684,46.87292,223.25364,187.45
2026-09-05T01:30+02:00,664.684,46.87292,223.25364,174.01
2026-09-05T01:45+02:00,664.684,46.87292,223.25364,144.15
2026-09-05T02:00+02:00,665.008,46.92756,184.12208,179.33
2026-09-05T02:15+02:00,665.008,46.92756,184.12208,155.13
2026-09-05T02:30+02:00,665.008,46.92756,184.12208,142.31
2026-09-05T02:45+02:00,665.008,46.92756,184.12208,140.43
2026-09-05T03:00+02:00,665.12,46.84416,178.73127999999997,153.12
2026-09-05T03:15+02:00,665.12,46.84416,178.73127999999997,159.4
2026-09-05T03:30+02:00,665.12,46.84416,178.73127999999997,150.72
2026-09-05T03:45+02:00,665.12,46.84416,178.73127999999997,138.18
2026-09-05T04:00+02:00,666.528,47.4071,180.88090000000003,156.01
2026-09-05T04:15+02:00,666.528,47.4071,180.88090000000003,149.5
2026-09-05T04:30+02:00,666.528,47.4071,180.88090000000003,145.93
2026-09-05T04:45+02:00,666.528,47.4071,180.88090000000003,135.12
2026-09-05T05:00+02:00,666.672,47.57514,171.05218,143.1
2026-09-05T05:15+02:00,666.672,47.57514,171.05218,146.86
2026-09-05T05:30+02:00,666.672,47.57514,171.05218,144.86
2026-09-05T05:45+02:00,666.672,47.57514,171.05218,145.62
2026-09-05T06:00+02:00,667.276,46.731,190.02195999999998,164.24
2026-09-05T06:15+02:00,667.276,46.731,190.02195999999998,177.68
2026-09-05T06:30+02:00,667.276,46.731,190.02195999999998,166.7
2026-09-05T06:45+02:00,667.276,46.731,190.02195999999998,151.84
2026-09-05T07:00+02:00,667.992,47.6288,276.254706,186.27
2026-09-05T07:15+02:00,667.992,47.6288,276.254706,147.38
2026-09-05T07:30+02:00,667.992,47.6288,276.254706,92.17
2026-09-05T07:45+02:00,667.992,47.6288,276.254706,55.05
2026-09-05T08:00+02:00,667.012,47.116139999999994,399.426073,139.91
2026-09-05T08:15+02:00,667.012,47.116139999999994,399.426073,75.24
2026-09-05T08:30+02:00,667.012,47.116139999999994,399.426073,45.01
2026-09-05T08:45+02:00,667.012,47.116139999999994,399.426073,34
2026-09-05T09:00+02:00,665.812,46.043060000000004,568.784283,111.57
2026-09-05T09:15+02:00,665.812,46.043060000000004,568.784283,102.99
2026-09-05T09:30+02:00,665.812,46.043060000000004,568.784283,38.5
2026-09-05T09:45+02:00,665.812,46.043060000000004,568.784283,59.55
2026-09-05T10:00+02:00,666.252,46.52156,784.225176,187.03
2026-09-05T10:15+02:00,666.252,46.52156,784.225176,177.79
2026-09-05T10:30+02:00,666.252,46.52156,784.225176,92.25
2026-09-05T10:45+02:00,666.252,46.52156,784.225176,66.96
2026-09-05T11:00+02:00,664.288,47.70708,720.455085,157.69
2026-09-05T11:15+02:00,664.288,47.70708,720.455085,151.48
2026-09-05T11:30+02:00,664.288,47.70708,720.455085,134.86
2026-09-05T11:45+02:00,664.288,47.70708,720.455085,79.98
2026-09-05T12:00+02:00,662.348,47.89960000000001,879.0204269999999,129.81
2026-09-05T12:15+02:00,662.348,47.89960000000001,879.0204269999999,145.08
2026-09-05T12:30+02:00,662.348,47.89960000000001,879.0204269999999,71.13
2026-09-05T12:45+02:00,662.348,47.89960000000001,879.0204269999999,62.9
2026-09-05T13:00+02:00,664.56,47.69756,829.357802,81.76
2026-09-05T13:15+02:00,664.56,47.69756,829.357802,62.39
2026-09-05T13:30+02:00,664.56,47.69756,829.357802,54.55
2026-09-05T13:45+02:00,664.56,47.69756,829.357802,49.41
2026-09-05T14:00+02:00,664.74,47.81126,730.929709,48.15
2026-09-05T14:15+02:00,664.74,47.81126,730.929709,79.28
2026-09-05T14:30+02:00,664.74,47.81126,730.929709,79.85
2026-09-05T14:45+02:00,664.74,47.81126,730.929709,52.06
2026-09-05T15:00+02:00,664.736,45.33058,519.1538409999999,47.17
2026-09-05T15:15+02:00,664.736,45.33058,519.1538409999999,21.59
2026-09-05T15:30+02:00,664.736,45.33058,519.1538409999999,28.27
2026-09-05T15:45+02:00,664.736,45.33058,519.1538409999999,105.75
2026-09-05T16:00+02:00,664.096,44.6273,427.840413,50.49
2026-09-05T16:15+02:00,664.096,44.6273,427.840413,110.29
2026-09-05T16:30+02:00,664.096,44.6273,427.840413,166
2026-09-05T16:45+02:00,664.096,44.6273,427.840413,159.84
2026-09-05T17:00+02:00,664.212,46.35642,425.882649,80.04
2026-09-05T17:15+02:00,664.212,46.35642,425.882649,147.39
2026-09-05T17:30+02:00,664.212,46.35642,425.882649,172.8
2026-09-05T17:45+02:00,664.212,46.35642,425.882649,205.88
2026-09-05T18:00+02:00,664.952,47.45756,390.81063500000005,127.78
2026-09-05T18:15+02:00,664.952,47.45756,390.81063500000005,138.08
2026-09-05T18:30+02:00,664.952,47.45756,390.81063500000005,175.87
2026-09-05T18:45+02:00,664.952,47.45756,390.81063500000005,176.33
2026-09-05T19:00+02:00,664.12,51.46958,474.857992,173.92
2026-09-05T19:15+02:00,664.12,51.46958,474.857992,178.86
2026-09-05T19:30+02:00,664.12,51.46958,474.857992,181.27
2026-09-05T19:45+02:00,664.12,51.46958,474.857992,178.17
2026-09-05T20:00+02:00,664.148,51.71826,520.07998,174.54
2026-09-05T20:15+02:00,664.148,51.71826,520.07998,166.36
2026-09-05T20:30+02:00,664.148,51.71826,520.07998,149.8
2026-09-05T20:45+02:00,664.148,51.71826,520.07998,145.91
2026-09-05T21:00+02:00,665,51.72154,518.0609,178.23
2026-09-05T21:15+02:00,665,51.72154,518.0609,158.9
2026-09-05T21:30+02:00,665,51.72154,518.0609,148.68
2026-09-05T21:45+02:00,665,51.72154,518.0609,142.62
2026-09-05T22:00+02:00,664.796,47.83578,447.03013999999996,169.97
2026-09-05T22:15+02:00,664.796,47.83578,447.03013999999996,162.73
2026-09-05T22:30+02:00,664.796,47.83578,447.03013999999996,159.31
2026-09-05T22:45+02:00,664.796,47.83578,447.03013999999996,163.46
2026-09-05T23:00+02:00,664.96,47.509519999999995,454.17076000000003,195.76
2026-09-05T23:15+02:00,664.96,47.509519999999995,454.17076000000003,157.83
2026-09-05T23:30+02:00,664.96,47.509519999999995,454.17076000000003,144.32
2026-09-05T23:45+02:00,664.96,47.509519999999995,454.17076000000003,131.88
2026-09-06T00:00+02:00,665.468,47.63342,448.79490000000004,182.85
2026-09-06T00:15+02:00,665.468,47.63342,448.79490000000004,158.06
2026-09-06T00:30+02:00,665.468,47.63342,448.79490000000004,157.2
2026-09-06T00:45+02:00,665.468,47.63342,448.79490000000004,133.99
2026-09-06T01:00+02:00,665.8,46.83962,291.91902000000005,163.76
2026-09-06T01:15+02:00,665.8,46.83962,291.91902000000005,146.56
2026-09-06T01:30+02:00,665.8,46.83962,291.91902000000005,155.04
2026-09-06T01:45+02:00,665.8,46.83962,291.91902000000005,152.23
2026-09-06T02:00+02:00,666.748,47.70902,155.78742000000003,177.97
2026-09-06T02:15+02:00,666.748,47.70902,155.78742000000003,171.22
2026-09-06T02:30+02:00,666.748,47.70902,155.78742000000003,164.27
2026-09-06T02:45+02:00,666.748,47.70902,155.78742000000003,156.14
2026-09-06T03:00+02:00,666.956,47.12094,106.63722,167.77
2026-09-06T03:15+02:00,666.956,47.12094,106.63722,163.46
2026-09-06T03:30+02:00,666.956,47.12094,106.63722,164.68
2026-09-06T03:45+02:00,666.956,47.12094,106.63722,162.85
2026-09-06T04:00+02:00,667.672,47.180060000000005,84.93274000000001,154.11
2026-09-06T04:15+02:00,667.672,47.180060000000005,84.93274000000001,154.69
2026-09-06T04:30+02:00,667.672,47.180060000000005,84.93274000000001,166.6
2026-09-06T04:45+02:00,667.672,47.180060000000005,84.93274000000001,172.61
2026-09-06T05:00+02:00,666.836,47.26666,101.48310000000001,156.62
2026-09-06T05:15+02:00,666.836,47.26666,101.48310000000001,158.77
2026-09-06T05:30+02:00,666.836,47.26666,101.48310000000001,170.27
2026-09-06T05:45+02:00,666.836,47.26666,101.48310000000001,169.04
2026-09-06T06:00+02:00,666.74,47.53212,114.29688,169.01
2026-09-06T06:15+02:00,666.74,47.53212,114.29688,172.89
2026-09-06T06:30+02:00,666.74,47.53212,114.29688,169.09
2026-09-06T06:45+02:00,666.74,47.53212,114.29688,160.8
2026-09-06T07:00+02:00,667.14,47.17566,126.10995299999999,165.95
2026-09-06T07:15+02:00,667.14,47.17566,126.10995299999999,154.51
2026-09-06T07:30+02:00,667.14,47.17566,126.10995299999999,133.61
2026-09-06T07:45+02:00,667.14,47.17566,126.10995299999999,119.91
2026-09-06T08:00+02:00,666.488,47.15042,305.30343400000004,136.37
2026-09-06T08:15+02:00,666.488,47.15042,305.30343400000004,100.18
2026-09-06T08:30+02:00,666.488,47.15042,305.30343400000004,47.41
2026-09-06T08:45+02:00,666.488,47.15042,305.30343400000004,27.15
2026-09-06T09:00+02:00,665.848,47.717699999999994,589.687958,56.45
2026-09-06T09:15+02:00,665.848,47.717699999999994,589.687958,16.46
2026-09-06T09:30+02:00,665.848,47.717699999999994,589.687958,8.6
2026-09-06T09:45+02:00,665.848,47.717699999999994,589.687958,4.23
2026-09-06T10:00+02:00,665.86,49.26734,805.9069119999999,1.53
2026-09-06T10:15+02:00,665.86,49.26734,805.9069119999999,0.12
2026-09-06T10:30+02:00,665.86,49.26734,805.9069119999999,0.01
2026-09-06T10:45+02:00,665.86,49.26734,805.9069119999999,0
2026-09-06T11:00+02:00,665.556,48.28268,891.140205,0
2026-09-06T11:15+02:00,665.556,48.28268,891.140205,0
2026-09-06T11:30+02:00,665.556,48.28268,891.140205,-0.01
2026-09-06T11:45+02:00,665.556,48.28268,891.140205,-0.1
2026-09-06T12:00+02:00,665.212,48.63043999999999,946.449214,-0.33
2026-09-06T12:15+02:00,665.212,48.63043999999999,946.449214,-0.73
2026-09-06T12:30+02:00,665.212,48.63043999999999,946.449214,-0.79
2026-09-06T12:45+02:00,665.212,48.63043999999999,946.449214,-0.9
2026-09-06T13:00+02:00,664.984,48.7792,958.612656,-1.17
2026-09-06T13:15+02:00,664.984,48.7792,958.612656,-1.27
2026-09-06T13:30+02:00,664.984,48.7792,958.612656,-1.25
2026-09-06T13:45+02:00,664.984,48.7792,958.612656,-1.03
2026-09-06T14:00+02:00,665.088,48.30664,918.6676,-1.15
2026-09-06T14:15+02:00,665.088,48.30664,918.6676,-0.8
2026-09-06T14:30+02:00,665.088,48.30664,918.6676,-0.1
2026-09-06T14:45+02:00,665.088,48.30664,918.6676,-0.06
2026-09-06T15:00+02:00,664.76,47.45408,858.7374070000001,0
2026-09-06T15:15+02:00,664.76,47.45408,858.7374070000001,0
2026-09-06T15:30+02:00,664.76,47.45408,858.7374070000001,0
2026-09-06T15:45+02:00,664.76,47.45408,858.7374070000001,0.01
2026-09-06T16:00+02:00,664.836,46.03312,761.4667649999999,0.01
2026-09-06T16:15+02:00,664.836,46.03312,761.4667649999999,1.94
2026-09-06T16:30+02:00,664.836,46.03312,761.4667649999999,20
2026-09-06T16:45+02:00,664.836,46.03312,761.4667649999999,57.83
2026-09-06T17:00+02:00,663.668,46.34886,556.084221,57.23
2026-09-06T17:15+02:00,663.668,46.34886,556.084221,92.45
2026-09-06T17:30+02:00,663.668,46.34886,556.084221,164.59
2026-09-06T17:45+02:00,663.668,46.34886,556.084221,211.3
2026-09-06T18:00+02:00,663.744,46.90838,403.27880000000005,154.6
2026-09-06T18:15+02:00,663.744,46.90838,403.27880000000005,189.31
2026-09-06T18:30+02:00,663.744,46.90838,403.27880000000005,218.79
2026-09-06T18:45+02:00,663.744,46.90838,403.27880000000005,235.49
2026-09-06T19:00+02:00,663.736,50.31456,510.10716,202.37
2026-09-06T19:15+02:00,663.736,50.31456,510.10716,226.12
2026-09-06T19:30+02:00,663.736,50.31456,510.10716,227.18
2026-09-06T19:45+02:00,663.736,50.31456,510.10716,240.47
2026-09-06T20:00+02:00,663.644,51.3622,572.3536799999999,224.99
2026-09-06T20:15+02:00,663.644,51.3622,572.3536799999999,228.57
2026-09-06T20:30+02:00,663.644,51.3622,572.3536799999999,235.06
2026-09-06T20:45+02:00,663.644,51.3622,572.3536799999999,222
2026-09-06T21:00+02:00,665.06,51.36074,530.33958,230.95
2026-09-06T21:15+02:00,665.06,51.36074,530.33958,207.44
2026-09-06T21:30+02:00,665.06,51.36074,530.33958,200
2026-09-06T21:45+02:00,665.06,51.36074,530.33958,186.23
2026-09-06T22:00+02:00,665.536,47.89212,466.5892400000001,203.97
2026-09-06T22:15+02:00,665.536,47.89212,466.5892400000001,191.26
2026-09-06T22:30+02:00,665.536,47.89212,466.5892400000001,185.8
2026-09-06T22:45+02:00,665.536,47.89212,466.5892400000001,176.51
2026-09-06T23:00+02:00,665.848,46.70864,370.1248,188.17
2026-09-06T23:15+02:00,665.848,46.70864,370.1248,178.12
2026-09-06T23:30+02:00,665.848,46.70864,370.1248,175.21
2026-09-06T23:45+02:00,665.848,46.70864,370.1248,165.88
2026-09-07T00:00+02:00,666.64,46.783319999999996,189.61351999999997,179.86
2026-09-07T00:15+02:00,666.64,46.783319999999996,189.61351999999997,166.18
2026-09-07T00:30+02:00,666.64,46.783319999999996,189.61351999999997,154.04
2026-09-07T00:45+02:00,666.64,46.783319999999996,189.61351999999997,149.56
2026-09-07T01:00+02:00,666.212,46.96724,65.68384,161.12
2026-09-07T01:15+02:00,666.212,46.96724,65.68384,155.67
2026-09-07T01:30+02:00,666.212,46.96724,65.68384,152.59
2026-09-07T01:45+02:00,666.212,46.96724,65.68384,149.09
2026-09-07T02:00+02:00,667.564,46.70136,61.68224,154.95
2026-09-07T02:15+02:00,667.564,46.70136,61.68224,152.68
2026-09-07T02:30+02:00,667.564,46.70136,61.68224,152.38
2026-09-07T02:45+02:00,667.564,46.70136,61.68224,157.88
2026-09-07T03:00+02:00,667.924,46.778639999999996,61.5918,156.96
2026-09-07T03:15+02:00,667.924,46.778639999999996,61.5918,152.83
2026-09-07T03:30+02:00,667.924,46.778639999999996,61.5918,153.98
2026-09-07T03:45+02:00,667.924,46.778639999999996,61.5918,152.62
2026-09-07T04:00+02:00,667.924,46.73884,61.410520000000005,150.76
2026-09-07T04:15+02:00,667.924,46.73884,61.410520000000005,152.34
2026-09-07T04:30+02:00,667.924,46.73884,61.410520000000005,153.08
2026-09-07T04:45+02:00,667.924,46.73884,61.410520000000005,161.96
2026-09-07T05:00+02:00,668.456,46.84014,202.58502,162.66
2026-09-07T05:15+02:00,668.456,46.84014,202.58502,167.77
2026-09-07T05:30+02:00,668.456,46.84014,202.58502,193.7
2026-09-07T05:45+02:00,668.456,46.84014,202.58502,202.76
2026-09-07T06:00+02:00,668.228,51.90726,361.58414,216.93
2026-09-07T06:15+02:00,668.228,51.90726,361.58414,215.9
2026-09-07T06:30+02:00,668.228,51.90726,361.58414,226.66
2026-09-07T06:45+02:00,668.228,51.90726,361.58414,226.86
2026-09-07T07:00+02:00,668.948,52.74552,428.31745800000004,227.11
2026-09-07T07:15+02:00,668.948,52.74552,428.31745800000004,228.87
2026-09-07T07:30+02:00,668.948,52.74552,428.31745800000004,234.7
2026-09-07T07:45+02:00,668.948,52.74552,428.31745800000004,226.36
2026-09-07T08:00+02:00,667.844,49.275980000000004,450.89232599999997,230.04
2026-09-07T08:15+02:00,667.844,49.275980000000004,450.89232599999997,219.95
2026-09-07T08:30+02:00,667.844,49.275980000000004,450.89232599999997,206.24
2026-09-07T08:45+02:00,667.844,49.275980000000004,450.89232599999997,193
2026-09-07T09:00+02:00,667.692,47.21398,647.420646,209.02
2026-09-07T09:15+02:00,667.692,47.21398,647.420646,199.1
2026-09-07T09:30+02:00,667.692,47.21398,647.420646,99.82
2026-09-07T09:45+02:00,667.692,47.21398,647.420646,96.36
2026-09-07T10:00+02:00,666.336,46.38164,814.253377,106.23
2026-09-07T10:15+02:00,666.336,46.38164,814.253377,106.01
2026-09-07T10:30+02:00,666.336,46.38164,814.253377,101.77
2026-09-07T10:45+02:00,666.336,46.38164,814.253377,98.59
2026-09-07T11:00+02:00,666.044,46.85658,993.68592,189.28
2026-09-07T11:15+02:00,666.044,46.85658,993.68592,182.44
2026-09-07T11:30+02:00,666.044,46.85658,993.68592,119.4
2026-09-07T11:45+02:00,666.044,46.85658,993.68592,102.9
2026-09-07T12:00+02:00,665.932,45.9886,1089.310979,107.8
2026-09-07T12:15+02:00,665.932,45.9886,1089.310979,101.11
2026-09-07T12:30+02:00,665.932,45.9886,1089.310979,97.92
2026-09-07T12:45+02:00,665.932,45.9886,1089.310979,94.7
2026-09-07T13:00+02:00,665.192,46.069160000000004,1076.864221,90.73
2026-09-07T13:15+02:00,665.192,46.069160000000004,1076.864221,87.25
2026-09-07T13:30+02:00,665.192,46.069160000000004,1076.864221,83.27
2026-09-07T13:45+02:00,665.192,46.069160000000004,1076.864221,78.27
2026-09-07T14:00+02:00,664.648,46.0337,1027.204106,89.66
2026-09-07T14:15+02:00,664.648,46.0337,1027.204106,93.8
2026-09-07T14:30+02:00,664.648,46.0337,1027.204106,93.69
2026-09-07T14:45+02:00,664.648,46.0337,1027.204106,93.22
2026-09-07T15:00+02:00,664.704,45.34063999999999,928.322103,102.87
2026-09-07T15:15+02:00,664.704,45.34063999999999,928.322103,94.97
2026-09-07T15:30+02:00,664.704,45.34063999999999,928.322103,119.49
2026-09-07T15:45+02:00,664.704,45.34063999999999,928.322103,128.82
2026-09-07T16:00+02:00,664.956,45.27486,746.577933,90.96
2026-09-07T16:15+02:00,664.956,45.27486,746.577933,107.7
2026-09-07T16:30+02:00,664.956,45.27486,746.577933,170.5
2026-09-07T16:45+02:00,664.956,45.27486,746.577933,242.42
2026-09-07T17:00+02:00,663.316,49.94896,637.62505,226.66
2026-09-07T17:15+02:00,663.316,49.94896,637.62505,249.22
2026-09-07T17:30+02:00,663.316,49.94896,637.62505,254.12
2026-09-07T17:45+02:00,663.316,49.94896,637.62505,276.99
2026-09-07T18:00+02:00,663.456,54.38794,585.04943,254.56
2026-09-07T18:15+02:00,663.456,54.38794,585.04943,260.7
2026-09-07T18:30+02:00,663.456,54.38794,585.04943,258.3
2026-09-07T18:45+02:00,663.456,54.38794,585.04943,278.39
2026-09-07T19:00+02:00,663.964,55.53578,555.00618,267.72
2026-09-07T19:15+02:00,663.964,55.53578,555.00618,286.54
2026-09-07T19:30+02:00,663.964,55.53578,555.00618,300.01
2026-09-07T19:45+02:00,663.964,55.53578,555.00618,311.73
2026-09-07T20:00+02:00,664.116,55.37604,581.52156,277.18
2026-09-07T20:15+02:00,664.116,55.37604,581.52156,274.02
2026-09-07T20:30+02:00,664.116,55.37604,581.52156,264.12
2026-09-07T20:45+02:00,664.116,55.37604,581.52156,253.18
2026-09-07T21:00+02:00,664.816,51.655339999999995,492.30021999999997,256.66
2026-09-07T21:15+02:00,664.816,51.655339999999995,492.30021999999997,233.21
2026-09-07T21:30+02:00,664.816,51.655339999999995,492.30021999999997,224.49
2026-09-07T21:45+02:00,664.816,51.655339999999995,492.30021999999997,219.79
2026-09-07T22:00+02:00,665.148,51.18982,434.14362,231.12
2026-09-07T22:15+02:00,665.148,51.18982,434.14362,223.66
2026-09-07T22:30+02:00,665.148,51.18982,434.14362,228.89
2026-09-07T22:45+02:00,665.148,51.18982,434.14362,210.4
2026-09-07T23:00+02:00,665.052,50.5013,287.92466,225.61
2026-09-07T23:15+02:00,665.052,50.5013,287.92466,214.88
2026-09-07T23:30+02:00,665.052,50.5013,287.92466,217.47
2026-09-07T23:45+02:00,665.052,50.5013,287.92466,203.39
2026-09-08T00:00+02:00,665.04,47.40842,192.46382000000003,224.97
2026-09-08T00:15+02:00,665.04,47.40842,192.46382000000003,224.93
2026-09-08T00:30+02:00,665.04,47.40842,192.46382000000003,192.64
2026-09-08T00:45+02:00,665.04,47.40842,192.46382000000003,174.13
2026-09-08T01:00+02:00,665.512,47.09814,127.11349999999999,207.02
2026-09-08T01:15+02:00,665.512,47.09814,127.11349999999999,199.06
2026-09-08T01:30+02:00,665.512,47.09814,127.11349999999999,187.95
2026-09-08T01:45+02:00,665.512,47.09814,127.11349999999999,184.83
2026-09-08T02:00+02:00,666.492,47.39342,118.28718000000002,194.24
2026-09-08T02:15+02:00,666.492,47.39342,118.28718000000002,192.81
2026-09-08T02:30+02:00,666.492,47.39342,118.28718000000002,188.89
2026-09-08T02:45+02:00,666.492,47.39342,118.28718000000002,184.84
2026-09-08T03:00+02:00,666.408,47.4039,113.73514,184.21
2026-09-08T03:15+02:00,666.408,47.4039,113.73514,184.79
2026-09-08T03:30+02:00,666.408,47.4039,113.73514,184.5
2026-09-08T03:45+02:00,666.408,47.4039,113.73514,188.76
2026-09-08T04:00+02:00,667.012,47.30426,123.63530000000002,183.05
2026-09-08T04:15+02:00,667.012,47.30426,123.63530000000002,187.66
2026-09-08T04:30+02:00,667.012,47.30426,123.63530000000002,189.2
2026-09-08T04:45+02:00,667.012,47.30426,123.63530000000002,192.25
2026-09-08T05:00+02:00,668.244,47.945280000000004,232.57208,184.06
2026-09-08T05:15+02:00,668.244,47.945280000000004,232.57208,191.76
2026-09-08T05:30+02:00,668.244,47.945280000000004,232.57208,196
2026-09-08T05:45+02:00,668.244,47.945280000000004,232.57208,216.72
2026-09-08T06:00+02:00,667.468,51.904540000000004,476.79654,217.43
2026-09-08T06:15+02:00,667.468,51.904540000000004,476.79654,226.21
2026-09-08T06:30+02:00,667.468,51.904540000000004,476.79654,235.88
2026-09-08T06:45+02:00,667.468,51.904540000000004,476.79654,237.71
2026-09-08T07:00+02:00,667.972,52.47368,586.979484,246.08
2026-09-08T07:15+02:00,667.972,52.47368,586.979484,240.11
2026-09-08T07:30+02:00,667.972,52.47368,586.979484,226.74
2026-09-08T07:45+02:00,667.972,52.47368,586.979484,224.78
2026-09-08T08:00+02:00,667.328,48.71918,600.5135760000001,230.01
2026-09-08T08:15+02:00,667.328,48.71918,600.5135760000001,215.61
2026-09-08T08:30+02:00,667.328,48.71918,600.5135760000001,199.98
2026-09-08T08:45+02:00,667.328,48.71918,600.5135760000001,157.34
2026-09-08T09:00+02:00,666.116,46.532379999999996,786.747124,199.88
2026-09-08T09:15+02:00,666.116,46.532379999999996,786.747124,179.46
2026-09-08T09:30+02:00,666.116,46.532379999999996,786.747124,189.67
2026-09-08T09:45+02:00,666.116,46.532379999999996,786.747124,86.06
2026-09-08T10:00+02:00,664.544,45.96202,908.233595,103.48
2026-09-08T10:15+02:00,664.544,45.96202,908.233595,99.22
2026-09-08T10:30+02:00,664.544,45.96202,908.233595,99.02
2026-09-08T10:45+02:00,664.544,45.96202,908.233595,64.99
2026-09-08T11:00+02:00,664.456,44.945519999999995,1011.35863,102.83
2026-09-08T11:15+02:00,664.456,44.945519999999995,1011.35863,74.84
2026-09-08T11:30+02:00,664.456,44.945519999999995,1011.35863,54.11
2026-09-08T11:45+02:00,664.456,44.945519999999995,1011.35863,34.81
2026-09-08T12:00+02:00,663.34,45.03508,1052.028591,46.61
2026-09-08T12:15+02:00,663.34,45.03508,1052.028591,37.47
2026-09-08T12:30+02:00,663.34,45.03508,1052.028591,23.4
2026-09-08T12:45+02:00,663.34,45.03508,1052.028591,17.69
2026-09-08T13:00+02:00,662.912,44.663160000000005,1047.222562,33.37
2026-09-08T13:15+02:00,662.912,44.663160000000005,1047.222562,32.68
2026-09-08T13:30+02:00,662.912,44.663160000000005,1047.222562,26.92
2026-09-08T13:45+02:00,662.912,44.663160000000005,1047.222562,25.42
2026-09-08T14:00+02:00,661.852,44.72392,999.788959,23.47
2026-09-08T14:15+02:00,661.852,44.72392,999.788959,34.5
2026-09-08T14:30+02:00,661.852,44.72392,999.788959,70.64
2026-09-08T14:45+02:00,661.852,44.72392,999.788959,63
2026-09-08T15:00+02:00,662.556,44.64676000000001,935.586827,23.12
2026-09-08T15:15+02:00,662.556,44.64676000000001,935.586827,69.43
2026-09-08T15:30+02:00,662.556,44.64676000000001,935.586827,109.14
2026-09-08T15:45+02:00,662.556,44.64676000000001,935.586827,123.56
2026-09-08T16:00+02:00,663.104,44.478359999999995,784.437306,124.63
2026-09-08T16:15+02:00,663.104,44.478359999999995,784.437306,160.22
2026-09-08T16:30+02:00,663.104,44.478359999999995,784.437306,208.9
2026-09-08T16:45+02:00,663.104,44.478359999999995,784.437306,234.61
2026-09-08T17:00+02:00,662.04,50.44952,620.29802,216
2026-09-08T17:15+02:00,662.04,50.44952,620.29802,245.25
2026-09-08T17:30+02:00,662.04,50.44952,620.29802,264.12
2026-09-08T17:45+02:00,662.04,50.44952,620.29802,271.06
2026-09-08T18:00+02:00,661.472,85.95752,550.832616,336.46
2026-09-08T18:15+02:00,661.472,85.95752,550.832616,286.34
2026-09-08T18:30+02:00,661.472,85.95752,550.832616,300
2026-09-08T18:45+02:00,661.472,85.95752,550.832616,335.35
2026-09-08T19:00+02:00,661.624,104.44074,566.7389,280
2026-09-08T19:15+02:00,661.624,104.44074,566.7389,282.85
2026-09-08T19:30+02:00,661.624,104.44074,566.7389,327.16
2026-09-08T19:45+02:00,661.624,104.44074,566.7389,349.99
2026-09-08T20:00+02:00,662.976,104.34864,528.77824,270.95
2026-09-08T20:15+02:00,662.976,104.34864,528.77824,273.25
2026-09-08T20:30+02:00,662.976,104.34864,528.77824,287.36
2026-09-08T20:45+02:00,662.976,104.34864,528.77824,280
2026-09-08T21:00+02:00,664.164,50.642920000000004,492.91560000000004,239.17
2026-09-08T21:15+02:00,664.164,50.642920000000004,492.91560000000004,221.39
2026-09-08T21:30+02:00,664.164,50.642920000000004,492.91560000000004,216.55
2026-09-08T21:45+02:00,664.164,50.642920000000004,492.91560000000004,203.8
2026-09-08T22:00+02:00,663.116,51.15248,361.17923999999994,226.57
2026-09-08T22:15+02:00,663.116,51.15248,361.17923999999994,217.53
2026-09-08T22:30+02:00,663.116,51.15248,361.17923999999994,205.24
2026-09-08T22:45+02:00,663.116,51.15248,361.17923999999994,196.23
2026-09-08T23:00+02:00,664.744,49.565160000000006,318.76428000000004,200.95
2026-09-08T23:15+02:00,664.744,49.565160000000006,318.76428000000004,190.23
2026-09-08T23:30+02:00,664.744,49.565160000000006,318.76428000000004,186.1
2026-09-08T23:45+02:00,664.744,49.565160000000006,318.76428000000004,172.06
2026-09-09T00:00+02:00,664.98,47.215939999999996,325.85401999999993,171.79
2026-09-09T00:15+02:00,664.98,47.215939999999996,325.85401999999993,156.31
2026-09-09T00:30+02:00,664.98,47.215939999999996,325.85401999999993,152.04
2026-09-09T00:45+02:00,664.98,47.215939999999996,325.85401999999993,149.34
2026-09-09T01:00+02:00,665.724,47.11396,181.74692000000002,163.85
2026-09-09T01:15+02:00,665.724,47.11396,181.74692000000002,154.99
2026-09-09T01:30+02:00,665.724,47.11396,181.74692000000002,151.4
2026-09-09T01:45+02:00,665.724,47.11396,181.74692000000002,149.49
2026-09-09T02:00+02:00,665.64,47.1247,110.3221,156.36
2026-09-09T02:15+02:00,665.64,47.1247,110.3221,157.82
2026-09-09T02:30+02:00,665.64,47.1247,110.3221,154.67
2026-09-09T02:45+02:00,665.64,47.1247,110.3221,151.33
2026-09-09T03:00+02:00,666.044,47.210280000000004,101.76608,164.89
2026-09-09T03:15+02:00,666.044,47.210280000000004,101.76608,148.87
2026-09-09T03:30+02:00,666.044,47.210280000000004,101.76608,152.23
2026-09-09T03:45+02:00,666.044,47.210280000000004,101.76608,155.43
2026-09-09T04:00+02:00,666.672,47.0517,152.5061,144.63
2026-09-09T04:15+02:00,666.672,47.0517,152.5061,147.99
2026-09-09T04:30+02:00,666.672,47.0517,152.5061,148.71
2026-09-09T04:45+02:00,666.672,47.0517,152.5061,158.97
2026-09-09T05:00+02:00,666.908,47.29794,221.78034,150.09
2026-09-09T05:15+02:00,666.908,47.29794,221.78034,161.91
2026-09-09T05:30+02:00,666.908,47.29794,221.78034,176.86
2026-09-09T05:45+02:00,666.908,47.29794,221.78034,187.52
2026-09-09T06:00+02:00,667.188,51.53082,499.58534000000003,191.6
2026-09-09T06:15+02:00,667.188,51.53082,499.58534000000003,211.87
2026-09-09T06:30+02:00,667.188,51.53082,499.58534000000003,225.38
2026-09-09T06:45+02:00,667.188,51.53082,499.58534000000003,227.9
2026-09-09T07:00+02:00,667.22,52.51368,575.445692,222.15
2026-09-09T07:15+02:00,667.22,52.51368,575.445692,219.23
2026-09-09T07:30+02:00,667.22,52.51368,575.445692,208.89
2026-09-09T07:45+02:00,667.22,52.51368,575.445692,205.23
2026-09-09T08:00+02:00,666.008,49.55008,660.867479,220.07
2026-09-09T08:15+02:00,666.008,49.55008,660.867479,202
2026-09-09T08:30+02:00,666.008,49.55008,660.867479,196.01
2026-09-09T08:45+02:00,666.008,49.55008,660.867479,157.34
2026-09-09T09:00+02:00,665.504,46.10088,754.126203,189.97
2026-09-09T09:15+02:00,665.504,46.10088,754.126203,144.02
2026-09-09T09:30+02:00,665.504,46.10088,754.126203,125.23
2026-09-09T09:45+02:00,665.504,46.10088,754.126203,113.63
2026-09-09T10:00+02:00,663.484,44.806419999999996,781.77386,95.79
2026-09-09T10:15+02:00,663.484,44.806419999999996,781.77386,85.47
2026-09-09T10:30+02:00,663.484,44.806419999999996,781.77386,80.1
2026-09-09T10:45+02:00,663.484,44.806419999999996,781.77386,90.25
2026-09-09T11:00+02:00,662.924,45.5556,704.340865,123.47
2026-09-09T11:15+02:00,662.924,45.5556,704.340865,101.14
2026-09-09T11:30+02:00,662.924,45.5556,704.340865,86.87
2026-09-09T11:45+02:00,662.924,45.5556,704.340865,79.37
2026-09-09T12:00+02:00,662.42,44.98098,603.693914,96.56
2026-09-09T12:15+02:00,662.42,44.98098,603.693914,81.43
2026-09-09T12:30+02:00,662.42,44.98098,603.693914,77.73
2026-09-09T12:45+02:00,662.42,44.98098,603.693914,67.23
2026-09-09T13:00+02:00,660.26,45.094440000000006,303.200493,95.26
2026-09-09T13:15+02:00,660.26,45.094440000000006,303.200493,92.31
2026-09-09T13:30+02:00,660.26,45.094440000000006,303.200493,88.65
2026-09-09T13:45+02:00,660.26,45.094440000000006,303.200493,83.18
2026-09-09T14:00+02:00,662.656,45.48098,423.706837,79.74
2026-09-09T14:15+02:00,662.656,45.48098,423.706837,83.52
2026-09-09T14:30+02:00,662.656,45.48098,423.706837,112.6
2026-09-09T14:45+02:00,662.656,45.48098,423.706837,117.56
2026-09-09T15:00+02:00,665.14,45.80214,596.921923,95.15
2026-09-09T15:15+02:00,665.14,45.80214,596.921923,121.71
2026-09-09T15:30+02:00,665.14,45.80214,596.921923,147.96
2026-09-09T15:45+02:00,665.14,45.80214,596.921923,178.1
2026-09-09T16:00+02:00,665.92,44.45768,609.270433,93.37
2026-09-09T16:15+02:00,665.92,44.45768,609.270433,153.42
2026-09-09T16:30+02:00,665.92,44.45768,609.270433,178.51
2026-09-09T16:45+02:00,665.92,44.45768,609.270433,231.99
2026-09-09T17:00+02:00,664.044,50.27642,422.88993200000004,206
2026-09-09T17:15+02:00,664.044,50.27642,422.88993200000004,225.62
2026-09-09T17:30+02:00,664.044,50.27642,422.88993200000004,247.88
2026-09-09T17:45+02:00,664.044,50.27642,422.88993200000004,239.23
2026-09-09T18:00+02:00,664.568,54.075619999999994,489.911118,223.44
2026-09-09T18:15+02:00,664.568,54.075619999999994,489.911118,235.82
2026-09-09T18:30+02:00,664.568,54.075619999999994,489.911118,249.09
2026-09-09T18:45+02:00,664.568,54.075619999999994,489.911118,262.85
2026-09-09T19:00+02:00,664.276,55.49192,596.6366399999999,248.65
2026-09-09T19:15+02:00,664.276,55.49192,596.6366399999999,262.49
2026-09-09T19:30+02:00,664.276,55.49192,596.6366399999999,271.16
2026-09-09T19:45+02:00,664.276,55.49192,596.6366399999999,275.57
2026-09-09T20:00+02:00,663.792,55.894800000000004,585.55528,258.31
2026-09-09T20:15+02:00,663.792,55.894800000000004,585.55528,253.01
2026-09-09T20:30+02:00,663.792,55.894800000000004,585.55528,243.74
2026-09-09T20:45+02:00,663.792,55.894800000000004,585.55528,238.26
2026-09-09T21:00+02:00,663.66,50.764759999999995,473.71968,222.5
2026-09-09T21:15+02:00,663.66,50.764759999999995,473.71968,222.07
2026-09-09T21:30+02:00,663.66,50.764759999999995,473.71968,206.78
2026-09-09T21:45+02:00,663.66,50.764759999999995,473.71968,202.72
2026-09-09T22:00+02:00,663.852,49.78276,410.24736000000007,197.93
2026-09-09T22:15+02:00,663.852,49.78276,410.24736000000007,190.25
2026-09-09T22:30+02:00,663.852,49.78276,410.24736000000007,182.42
2026-09-09T22:45+02:00,663.852,49.78276,410.24736000000007,175.67
2026-09-09T23:00+02:00,664.636,46.63794000000001,380.92954000000003,184.04
2026-09-09T23:15+02:00,664.636,46.63794000000001,380.92954000000003,172.27
2026-09-09T23:30+02:00,664.636,46.63794000000001,380.92954000000003,162.56
2026-09-09T23:45+02:00,664.636,46.63794000000001,380.92954000000003,152.94
2026-09-10T00:00+02:00,664.716,46.895160000000004,329.12092000000007,179.49
2026-09-10T00:15+02:00,664.716,46.895160000000004,329.12092000000007,168.62
2026-09-10T00:30+02:00,664.716,46.895160000000004,329.12092000000007,165.63
2026-09-10T00:45+02:00,664.716,46.895160000000004,329.12092000000007,159.75
2026-09-10T01:00+02:00,664.592,47.007099999999994,302.66242,162.18
2026-09-10T01:15+02:00,664.592,47.007099999999994,302.66242,163.99
2026-09-10T01:30+02:00,664.592,47.007099999999994,302.66242,162.37
2026-09-10T01:45+02:00,664.592,47.007099999999994,302.66242,161.62
2026-09-10T02:00+02:00,665.04,47.075340000000004,137.08186,163.82
2026-09-10T02:15+02:00,665.04,47.075340000000004,137.08186,164.47
2026-09-10T02:30+02:00,665.04,47.075340000000004,137.08186,164.13
2026-09-10T02:45+02:00,665.04,47.075340000000004,137.08186,163.96
2026-09-10T03:00+02:00,664.092,47.139680000000006,131.05087999999998,164.19
2026-09-10T03:15+02:00,664.092,47.139680000000006,131.05087999999998,166.8
2026-09-10T03:30+02:00,664.092,47.139680000000006,131.05087999999998,164.31
2026-09-10T03:45+02:00,664.092,47.139680000000006,131.05087999999998,166.15
2026-09-10T04:00+02:00,665.26,47.03242,135.12806,163.29
2026-09-10T04:15+02:00,665.26,47.03242,135.12806,165.99
2026-09-10T04:30+02:00,665.26,47.03242,135.12806,171.37
2026-09-10T04:45+02:00,665.26,47.03242,135.12806,178.11
2026-09-10T05:00+02:00,665.928,48.08738,239.1089,170.69
2026-09-10T05:15+02:00,665.928,48.08738,239.1089,180.73
2026-09-10T05:30+02:00,665.928,48.08738,239.1089,192.94
2026-09-10T05:45+02:00,665.928,48.08738,239.1089,203.09
2026-09-10T06:00+02:00,666.272,52.03216,488.004,210.23
2026-09-10T06:15+02:00,666.272,52.03216,488.004,223.81
2026-09-10T06:30+02:00,666.272,52.03216,488.004,218.27
2026-09-10T06:45+02:00,666.272,52.03216,488.004,226.77
2026-09-10T07:00+02:00,667.724,52.86268,525.5763199999999,231.42
2026-09-10T07:15+02:00,667.724,52.86268,525.5763199999999,234.68
2026-09-10T07:30+02:00,667.724,52.86268,525.5763199999999,236.99
2026-09-10T07:45+02:00,667.724,52.86268,525.5763199999999,229.94
2026-09-10T08:00+02:00,667.896,49.02304,432.9194,248.93
2026-09-10T08:15+02:00,667.896,49.02304,432.9194,227.5
2026-09-10T08:30+02:00,667.896,49.02304,432.9194,216.08
2026-09-10T08:45+02:00,667.896,49.02304,432.9194,195.67
2026-09-10T09:00+02:00,670.168,48.28318,387.574713,215.99
2026-09-10T09:15+02:00,670.168,48.28318,387.574713,195.01
2026-09-10T09:30+02:00,670.168,48.28318,387.574713,174.23
2026-09-10T09:45+02:00,670.168,48.28318,387.574713,155.09
2026-09-10T10:00+02:00,667.72,67.09466,420.701149,174.91
2026-09-10T10:15+02:00,667.72,67.09466,420.701149,165.36
2026-09-10T10:30+02:00,667.72,67.09466,420.701149,153.4
2026-09-10T10:45+02:00,667.72,67.09466,420.701149,132.81
2026-09-10T11:00+02:00,667.852,45.76952,359.507665,156.39
2026-09-10T11:15+02:00,667.852,45.76952,359.507665,141.21
2026-09-10T11:30+02:00,667.852,45.76952,359.507665,139.02
2026-09-10T11:45+02:00,667.852,45.76952,359.507665,124.14
2026-09-10T12:00+02:00,669.484,45.90066,504.08732599999996,150
2026-09-10T12:15+02:00,669.484,45.90066,504.08732599999996,138.78
2026-09-10T12:30+02:00,669.484,45.90066,504.08732599999996,132.88
2026-09-10T12:45+02:00,669.484,45.90066,504.08732599999996,116.04
2026-09-10T13:00+02:00,668.46,45.8814,682.974273,137.24
2026-09-10T13:15+02:00,668.46,45.8814,682.974273,125.7
2026-09-10T13:30+02:00,668.46,45.8814,682.974273,128.08
2026-09-10T13:45+02:00,668.46,45.8814,682.974273,117.28
2026-09-10T14:00+02:00,669.304,45.84306,904.85655,114.67
2026-09-10T14:15+02:00,669.304,45.84306,904.85655,135.29
2026-09-10T14:30+02:00,669.304,45.84306,904.85655,115.6
2026-09-10T14:45+02:00,669.304,45.84306,904.85655,134.18
2026-09-10T15:00+02:00,669.476,45.65572,917.490609,135.2
2026-09-10T15:15+02:00,669.476,45.65572,917.490609,141.73
2026-09-10T15:30+02:00,669.476,45.65572,917.490609,148.21
2026-09-10T15:45+02:00,669.476,45.65572,917.490609,148.48
2026-09-10T16:00+02:00,673.108,46.22308,819.958323,111.24
2026-09-10T16:15+02:00,673.108,46.22308,819.958323,151.09
2026-09-10T16:30+02:00,673.108,46.22308,819.958323,174.55
2026-09-10T16:45+02:00,673.108,46.22308,819.958323,215.01
2026-09-10T17:00+02:00,673.448,50.93668,751.374475,203.34
2026-09-10T17:15+02:00,673.448,50.93668,751.374475,211.49
2026-09-10T17:30+02:00,673.448,50.93668,751.374475,237.64
2026-09-10T17:45+02:00,673.448,50.93668,751.374475,243.57
2026-09-10T18:00+02:00,678.808,54.962039999999995,696.225371,213.56
2026-09-10T18:15+02:00,678.808,54.962039999999995,696.225371,240.27
2026-09-10T18:30+02:00,678.808,54.962039999999995,696.225371,256.17
2026-09-10T18:45+02:00,678.808,54.962039999999995,696.225371,304.45
2026-09-10T19:00+02:00,678.676,203.61872,729.32848,328.96
2026-09-10T19:15+02:00,678.676,203.61872,729.32848,366.44
2026-09-10T19:30+02:00,678.676,203.61872,729.32848,447.18
2026-09-10T19:45+02:00,678.676,203.61872,729.32848,511.18
2026-09-10T20:00+02:00,678.896,198.81928,759.07496,503.43
2026-09-10T20:15+02:00,678.896,198.81928,759.07496,423.81
2026-09-10T20:30+02:00,678.896,198.81928,759.07496,345.6
2026-09-10T20:45+02:00,678.896,198.81928,759.07496,294.08
2026-09-10T21:00+02:00,678.416,123.71878,732.4615800000001,271.39
2026-09-10T21:15+02:00,678.416,123.71878,732.4615800000001,268.06
2026-09-10T21:30+02:00,678.416,123.71878,732.4615800000001,241.43
2026-09-10T21:45+02:00,678.416,123.71878,732.4615800000001,238.01
2026-09-10T22:00+02:00,678.472,51.415980000000005,727.6658199999999,239.7
2026-09-10T22:15+02:00,678.472,51.415980000000005,727.6658199999999,226.41
2026-09-10T22:30+02:00,678.472,51.415980000000005,727.6658199999999,225.14
2026-09-10T22:45+02:00,678.472,51.415980000000005,727.6658199999999,216.58
2026-09-10T23:00+02:00,678.448,50.26398,743.8591,219.23
2026-09-10T23:15+02:00,678.448,50.26398,743.8591,211.96
2026-09-10T23:30+02:00,678.448,50.26398,743.8591,201.28
2026-09-10T23:45+02:00,678.448,50.26398,743.8591,180.08
2026-09-11T00:00+02:00,678.864,47.818760000000005,785.11568,198.97
2026-09-11T00:15+02:00,678.864,47.818760000000005,785.11568,193.84
2026-09-11T00:30+02:00,678.864,47.818760000000005,785.11568,186.74
2026-09-11T00:45+02:00,678.864,47.818760000000005,785.11568,180.73
2026-09-11T01:00+02:00,678.796,47.51294000000001,792.71538,196.82
2026-09-11T01:15+02:00,678.796,47.51294000000001,792.71538,178.05
2026-09-11T01:30+02:00,678.796,47.51294000000001,792.71538,175.47
2026-09-11T01:45+02:00,678.796,47.51294000000001,792.71538,172.53
2026-09-11T02:00+02:00,679.524,47.448339999999995,798.97594,178.7
2026-09-11T02:15+02:00,679.524,47.448339999999995,798.97594,173.73
2026-09-11T02:30+02:00,679.524,47.448339999999995,798.97594,171.36
2026-09-11T02:45+02:00,679.524,47.448339999999995,798.97594,170.42
2026-09-11T03:00+02:00,679.28,47.46564,804.01368,171.75
2026-09-11T03:15+02:00,679.28,47.46564,804.01368,169.9
2026-09-11T03:30+02:00,679.28,47.46564,804.01368,171.25
2026-09-11T03:45+02:00,679.28,47.46564,804.01368,170.08
2026-09-11T04:00+02:00,679.896,47.601020000000005,799.93506,170.01
2026-09-11T04:15+02:00,679.896,47.601020000000005,799.93506,167.84
2026-09-11T04:30+02:00,679.896,47.601020000000005,799.93506,167.84
2026-09-11T04:45+02:00,679.896,47.601020000000005,799.93506,169.95
2026-09-11T05:00+02:00,679.232,47.570040000000006,813.86604,171.56
2026-09-11T05:15+02:00,679.232,47.570040000000006,813.86604,180.46
2026-09-11T05:30+02:00,679.232,47.570040000000006,813.86604,199.11
2026-09-11T05:45+02:00,679.232,47.570040000000006,813.86604,202.24
2026-09-11T06:00+02:00,679.744,52.059020000000004,845.7667799999999,212.44
2026-09-11T06:15+02:00,679.744,52.059020000000004,845.7667799999999,230.91
2026-09-11T06:30+02:00,679.744,52.059020000000004,845.7667799999999,237.24
2026-09-11T06:45+02:00,679.744,52.059020000000004,845.7667799999999,241.1
2026-09-11T07:00+02:00,679.836,53.763819999999996,880.95746,243.88
2026-09-11T07:15+02:00,679.836,53.763819999999996,880.95746,239.38
2026-09-11T07:30+02:00,679.836,53.763819999999996,880.95746,235.46
2026-09-11T07:45+02:00,679.836,53.763819999999996,880.95746,231.54
2026-09-11T08:00+02:00,679.916,50.112080000000006,908.6459600000002,237.95
2026-09-11T08:15+02:00,679.916,50.112080000000006,908.6459600000002,236.56
2026-09-11T08:30+02:00,679.916,50.112080000000006,908.6459600000002,223.47
2026-09-11T08:45+02:00,679.916,50.112080000000006,908.6459600000002,196.91
2026-09-11T09:00+02:00,680.356,47.62278,925.0147079999999,224.78
2026-09-11T09:15+02:00,680.356,47.62278,925.0147079999999,208.19
2026-09-11T09:30+02:00,680.356,47.62278,925.0147079999999,195.13
2026-09-11T09:45+02:00,680.356,47.62278,925.0147079999999,180.75
2026-09-11T10:00+02:00,679.772,47.65684,881.0709470000002,204.6
2026-09-11T10:15+02:00,679.772,47.65684,881.0709470000002,175.08
2026-09-11T10:30+02:00,679.772,47.65684,881.0709470000002,169.13
2026-09-11T10:45+02:00,679.772,47.65684,881.0709470000002,164.64
2026-09-11T11:00+02:00,680.24,48.290319999999994,953.0832040000001,169.44
2026-09-11T11:15+02:00,680.24,48.290319999999994,953.0832040000001,176
2026-09-11T11:30+02:00,680.24,48.290319999999994,953.0832040000001,174.82
2026-09-11T11:45+02:00,680.24,48.290319999999994,953.0832040000001,171.15
2026-09-11T12:00+02:00,680.92,47.5426,883.7147170000001,181.73
2026-09-11T12:15+02:00,680.92,47.5426,883.7147170000001,174.47
2026-09-11T12:30+02:00,680.92,47.5426,883.7147170000001,172.02
2026-09-11T12:45+02:00,680.92,47.5426,883.7147170000001,174.84
2026-09-11T13:00+02:00,680.58,48.50584,1250.354529,171.64
2026-09-11T13:15+02:00,680.58,48.50584,1250.354529,174.61
2026-09-11T13:30+02:00,680.58,48.50584,1250.354529,175.28
2026-09-11T13:45+02:00,680.58,48.50584,1250.354529,167.22
2026-09-11T14:00+02:00,681.912,48.04238,1304.7399999999998,169.32
2026-09-11T14:15+02:00,681.912,48.04238,1304.7399999999998,167.61
2026-09-11T14:30+02:00,681.912,48.04238,1304.7399999999998,171.1
2026-09-11T14:45+02:00,681.912,48.04238,1304.7399999999998,174.48
2026-09-11T15:00+02:00,683.476,47.791180000000004,1188.287342,176.12
2026-09-11T15:15+02:00,683.476,47.791180000000004,1188.287342,180.63
2026-09-11T15:30+02:00,683.476,47.791180000000004,1188.287342,175.77
2026-09-11T15:45+02:00,683.476,47.791180000000004,1188.287342,191.78
2026-09-11T16:00+02:00,685.164,47.4261,1091.609373,168.02
2026-09-11T16:15+02:00,685.164,47.4261,1091.609373,186.91
2026-09-11T16:30+02:00,685.164,47.4261,1091.609373,205.41
2026-09-11T16:45+02:00,685.164,47.4261,1091.609373,216.87
2026-09-11T17:00+02:00,690.236,48.266400000000004,864.4067770000001,214.85
2026-09-11T17:15+02:00,690.236,48.266400000000004,864.4067770000001,232.46
2026-09-11T17:30+02:00,690.236,48.266400000000004,864.4067770000001,244.04
2026-09-11T17:45+02:00,690.236,48.266400000000004,864.4067770000001,251.62
2026-09-11T18:00+02:00,692.124,52.380199999999995,766.604017,220.3
2026-09-11T18:15+02:00,692.124,52.380199999999995,766.604017,239.27
2026-09-11T18:30+02:00,692.124,52.380199999999995,766.604017,260.78
2026-09-11T18:45+02:00,692.124,52.380199999999995,766.604017,277.76
2026-09-11T19:00+02:00,692.76,56.647000000000006,743.304,281.97
2026-09-11T19:15+02:00,692.76,56.647000000000006,743.304,293.22
2026-09-11T19:30+02:00,692.76,56.647000000000006,743.304,311.33
2026-09-11T19:45+02:00,692.76,56.647000000000006,743.304,316.64
2026-09-11T20:00+02:00,693.14,56.316539999999996,838.42466,306.68
2026-09-11T20:15+02:00,693.14,56.316539999999996,838.42466,289.82
2026-09-11T20:30+02:00,693.14,56.316539999999996,838.42466,275.09
2026-09-11T20:45+02:00,693.14,56.316539999999996,838.42466,267.9
2026-09-11T21:00+02:00,694.124,52.48044,801.6515199999998,268.15
2026-09-11T21:15+02:00,694.124,52.48044,801.6515199999998,244.95
2026-09-11T21:30+02:00,694.124,52.48044,801.6515199999998,236
2026-09-11T21:45+02:00,694.124,52.48044,801.6515199999998,228.79
2026-09-11T22:00+02:00,694.9,50.60808,783.42964,234.01
2026-09-11T22:15+02:00,694.9,50.60808,783.42964,225.01
2026-09-11T22:30+02:00,694.9,50.60808,783.42964,222.31
2026-09-11T22:45+02:00,694.9,50.60808,783.42964,218.53
2026-09-11T23:00+02:00,695.308,50.88404,791.7969599999999,217.43
2026-09-11T23:15+02:00,695.308,50.88404,791.7969599999999,209.14
2026-09-11T23:30+02:00,695.308,50.88404,791.7969599999999,204.69
2026-09-11T23:45+02:00,695.308,50.88404,791.7969599999999,193.11
2026-09-12T00:00+02:00,695.44,48.04134,798.3788200000001,217.18
2026-09-12T00:15+02:00,695.44,48.04134,798.3788200000001,212.73
2026-09-12T00:30+02:00,695.44,48.04134,798.3788200000001,209.36
2026-09-12T00:45+02:00,695.44,48.04134,798.3788200000001,200.39
2026-09-12T01:00+02:00,695.208,47.91002,807.7710199999999,205.88
2026-09-12T01:15+02:00,695.208,47.91002,807.7710199999999,199.05
2026-09-12T01:30+02:00,695.208,47.91002,807.7710199999999,197.21
2026-09-12T01:45+02:00,695.208,47.91002,807.7710199999999,194
2026-09-12T02:00+02:00,695.904,47.94786,802.5322600000001,197.97
2026-09-12T02:15+02:00,695.904,47.94786,802.5322600000001,198.57
2026-09-12T02:30+02:00,695.904,47.94786,802.5322600000001,195
2026-09-12T02:45+02:00,695.904,47.94786,802.5322600000001,194
2026-09-12T03:00+02:00,695.936,47.93146,709.53042,190.18
2026-09-12T03:15+02:00,695.936,47.93146,709.53042,189.82
2026-09-12T03:30+02:00,695.936,47.93146,709.53042,188.6
2026-09-12T03:45+02:00,695.936,47.93146,709.53042,188.6
2026-09-12T04:00+02:00,696.284,48.10178,651.4524600000001,184.5
2026-09-12T04:15+02:00,696.284,48.10178,651.4524600000001,182.43
2026-09-12T04:30+02:00,696.284,48.10178,651.4524600000001,185
2026-09-12T04:45+02:00,696.284,48.10178,651.4524600000001,185
2026-09-12T05:00+02:00,696.148,47.862899999999996,715.4765400000001,184.5
2026-09-12T05:15+02:00,696.148,47.862899999999996,715.4765400000001,185.2
2026-09-12T05:30+02:00,696.148,47.862899999999996,715.4765400000001,186.37
2026-09-12T05:45+02:00,696.148,47.862899999999996,715.4765400000001,191.01
2026-09-12T06:00+02:00,696.288,52.21864,739.11528,190.15
2026-09-12T06:15+02:00,696.288,52.21864,739.11528,192.88
2026-09-12T06:30+02:00,696.288,52.21864,739.11528,197.07
2026-09-12T06:45+02:00,696.288,52.21864,739.11528,193.18
2026-09-12T07:00+02:00,697.108,51.91514,753.5608090000001,200.2
2026-09-12T07:15+02:00,697.108,51.91514,753.5608090000001,196.7
2026-09-12T07:30+02:00,697.108,51.91514,753.5608090000001,191.12
2026-09-12T07:45+02:00,697.108,51.91514,753.5608090000001,186.8
2026-09-12T08:00+02:00,697.672,48.330400000000004,916.0958659999999,200.75
2026-09-12T08:15+02:00,697.672,48.330400000000004,916.0958659999999,188.62
2026-09-12T08:30+02:00,697.672,48.330400000000004,916.0958659999999,161.01
2026-09-12T08:45+02:00,697.672,48.330400000000004,916.0958659999999,140.6
2026-09-12T09:00+02:00,697.08,48.16268,1045.41907,182.81
2026-09-12T09:15+02:00,697.08,48.16268,1045.41907,150.39
2026-09-12T09:30+02:00,697.08,48.16268,1045.41907,127.51
2026-09-12T09:45+02:00,697.08,48.16268,1045.41907,94.41
2026-09-12T10:00+02:00,697.068,47.42542,1184.472078,124.7
2026-09-12T10:15+02:00,697.068,47.42542,1184.472078,109.71
2026-09-12T10:30+02:00,697.068,47.42542,1184.472078,90.13
2026-09-12T10:45+02:00,697.068,47.42542,1184.472078,46.89
2026-09-12T11:00+02:00,696.912,46.970980000000004,1295.13464,71.1
2026-09-12T11:15+02:00,696.912,46.970980000000004,1295.13464,46.18
2026-09-12T11:30+02:00,696.912,46.970980000000004,1295.13464,18.18
2026-09-12T11:45+02:00,696.912,46.970980000000004,1295.13464,10.91
2026-09-12T12:00+02:00,697.6,47.20952,1358.943359,4.48
2026-09-12T12:15+02:00,697.6,47.20952,1358.943359,2.19
2026-09-12T12:30+02:00,697.6,47.20952,1358.943359,2.03
2026-09-12T12:45+02:00,697.6,47.20952,1358.943359,1.36
2026-09-12T13:00+02:00,696.796,46.731480000000005,1304.873634,0.67
2026-09-12T13:15+02:00,696.796,46.731480000000005,1304.873634,0.73
2026-09-12T13:30+02:00,696.796,46.731480000000005,1304.873634,0.73
2026-09-12T13:45+02:00,696.796,46.731480000000005,1304.873634,1.36
2026-09-12T14:00+02:00,696.52,46.729679999999995,1258.963226,7.97
2026-09-12T14:15+02:00,696.52,46.729679999999995,1258.963226,7.95
2026-09-12T14:30+02:00,696.52,46.729679999999995,1258.963226,14.68
2026-09-12T14:45+02:00,696.52,46.729679999999995,1258.963226,32.91
2026-09-12T15:00+02:00,697.12,45.9389,1284.413855,13.71
2026-09-12T15:15+02:00,697.12,45.9389,1284.413855,36.4
2026-09-12T15:30+02:00,697.12,45.9389,1284.413855,57.12
2026-09-12T15:45+02:00,697.12,45.9389,1284.413855,75.53
2026-09-12T16:00+02:00,697.64,45.45478,1320.940021,68.96
2026-09-12T16:15+02:00,697.64,45.45478,1320.940021,79.19
2026-09-12T16:30+02:00,697.64,45.45478,1320.940021,138.9
2026-09-12T16:45+02:00,697.64,45.45478,1320.940021,194.67
2026-09-12T17:00+02:00,696.496,45.35186,1134.6746130000001,122.8
2026-09-12T17:15+02:00,696.496,45.35186,1134.6746130000001,165.84
2026-09-12T17:30+02:00,696.496,45.35186,1134.6746130000001,180.57
2026-09-12T17:45+02:00,696.496,45.35186,1134.6746130000001,212.16
2026-09-12T18:00+02:00,697.556,49.81102,892.584639,181.4
2026-09-12T18:15+02:00,697.556,49.81102,892.584639,222.54
2026-09-12T18:30+02:00,697.556,49.81102,892.584639,226.73
2026-09-12T18:45+02:00,697.556,49.81102,892.584639,203.01
2026-09-12T19:00+02:00,697.8,50.63268,777.0894400000001,194.44
2026-09-12T19:15+02:00,697.8,50.63268,777.0894400000001,204.81
2026-09-12T19:30+02:00,697.8,50.63268,777.0894400000001,222.31
2026-09-12T19:45+02:00,697.8,50.63268,777.0894400000001,229.41
2026-09-12T20:00+02:00,698.304,51.59444,818.5158399999999,210.99
2026-09-12T20:15+02:00,698.304,51.59444,818.5158399999999,211.17
2026-09-12T20:30+02:00,698.304,51.59444,818.5158399999999,210.92
2026-09-12T20:45+02:00,698.304,51.59444,818.5158399999999,207.69
2026-09-12T21:00+02:00,697.656,48.486380000000004,777.31922,210.75
2026-09-12T21:15+02:00,697.656,48.486380000000004,777.31922,204.94
2026-09-12T21:30+02:00,697.656,48.486380000000004,777.31922,201.29
2026-09-12T21:45+02:00,697.656,48.486380000000004,777.31922,193.17
2026-09-12T22:00+02:00,697.584,48.612959999999994,757.1549200000001,217.37
2026-09-12T22:15+02:00,697.584,48.612959999999994,757.1549200000001,201.14
2026-09-12T22:30+02:00,697.584,48.612959999999994,757.1549200000001,195.61
2026-09-12T22:45+02:00,697.584,48.612959999999994,757.1549200000001,194.78
2026-09-12T23:00+02:00,698.236,47.03360000000001,729.61528,195.27
2026-09-12T23:15+02:00,698.236,47.03360000000001,729.61528,193.81
2026-09-12T23:30+02:00,698.236,47.03360000000001,729.61528,191.74
2026-09-12T23:45+02:00,698.236,47.03360000000001,729.61528,197.21
2026-09-13T00:00+02:00,698.228,46.98762,638.8818999999999,191.99
2026-09-13T00:15+02:00,698.228,46.98762,638.8818999999999,180.01
2026-09-13T00:30+02:00,698.228,46.98762,638.8818999999999,173.3
2026-09-13T00:45+02:00,698.228,46.98762,638.8818999999999,166.01
2026-09-13T01:00+02:00,699.052,46.859519999999996,525.50564,176.4
2026-09-13T01:15+02:00,699.052,46.859519999999996,525.50564,165.98
2026-09-13T01:30+02:00,699.052,46.859519999999996,525.50564,164.26
2026-09-13T01:45+02:00,699.052,46.859519999999996,525.50564,163.74
2026-09-13T02:00+02:00,698.344,47.11038,344.17062000000004,168.52
2026-09-13T02:15+02:00,698.344,47.11038,344.17062000000004,163.79
2026-09-13T02:30+02:00,698.344,47.11038,344.17062000000004,160.6
2026-09-13T02:45+02:00,698.344,47.11038,344.17062000000004,159.2
2026-09-13T03:00+02:00,698.032,47.17558,304.9496200000001,163.59
2026-09-13T03:15+02:00,698.032,47.17558,304.9496200000001,162.26
2026-09-13T03:30+02:00,698.032,47.17558,304.9496200000001,161.37
2026-09-13T03:45+02:00,698.032,47.17558,304.9496200000001,159.7
2026-09-13T04:00+02:00,698.36,47.150679999999994,305.3692400000001,164.44
2026-09-13T04:15+02:00,698.36,47.150679999999994,305.3692400000001,163.8
2026-09-13T04:30+02:00,698.36,47.150679999999994,305.3692400000001,163.6
2026-09-13T04:45+02:00,698.36,47.150679999999994,305.3692400000001,164.38
2026-09-13T05:00+02:00,698.516,51.61536,368.069,165.12
2026-09-13T05:15+02:00,698.516,51.61536,368.069,166.31
2026-09-13T05:30+02:00,698.516,51.61536,368.069,168.69
2026-09-13T05:45+02:00,698.516,51.61536,368.069,172
2026-09-13T06:00+02:00,698.768,52.30624,487.17692,191.01
2026-09-13T06:15+02:00,698.768,52.30624,487.17692,191.21
2026-09-13T06:30+02:00,698.768,52.30624,487.17692,202.91
2026-09-13T06:45+02:00,698.768,52.30624,487.17692,190.95
2026-09-13T07:00+02:00,698.32,48.38108,537.868294,220.93
2026-09-13T07:15+02:00,698.32,48.38108,537.868294,205.85
2026-09-13T07:30+02:00,698.32,48.38108,537.868294,181.4
2026-09-13T07:45+02:00,698.32,48.38108,537.868294,170.89
2026-09-13T08:00+02:00,699.248,47.31416,617.125043,190.1
2026-09-13T08:15+02:00,699.248,47.31416,617.125043,173.56
2026-09-13T08:30+02:00,699.248,47.31416,617.125043,159.78
2026-09-13T08:45+02:00,699.248,47.31416,617.125043,139.62
2026-09-13T09:00+02:00,699.008,45.54264,732.378843,156.27
2026-09-13T09:15+02:00,699.008,45.54264,732.378843,123.83
2026-09-13T09:30+02:00,699.008,45.54264,732.378843,108.02
2026-09-13T09:45+02:00,699.008,45.54264,732.378843,104.3
2026-09-13T10:00+02:00,698.128,44.92644000000001,890.676485,109.3
2026-09-13T10:15+02:00,698.128,44.92644000000001,890.676485,98.01
2026-09-13T10:30+02:00,698.128,44.92644000000001,890.676485,94.72
2026-09-13T10:45+02:00,698.128,44.92644000000001,890.676485,83.49
2026-09-13T11:00+02:00,698.36,45.25874,1034.579658,80.76
2026-09-13T11:15+02:00,698.36,45.25874,1034.579658,80.32
2026-09-13T11:30+02:00,698.36,45.25874,1034.579658,79.88
2026-09-13T11:45+02:00,698.36,45.25874,1034.579658,80.32
2026-09-13T12:00+02:00,698.284,45.267700000000005,1131.136852,76.2
2026-09-13T12:15+02:00,698.284,45.267700000000005,1131.136852,79.21
2026-09-13T12:30+02:00,698.284,45.267700000000005,1131.136852,77.01
2026-09-13T12:45+02:00,698.284,45.267700000000005,1131.136852,76.26
2026-09-13T13:00+02:00,699.284,45.198919999999994,1155.24762,76.4
2026-09-13T13:15+02:00,699.284,45.198919999999994,1155.24762,75.36
2026-09-13T13:30+02:00,699.284,45.198919999999994,1155.24762,73.81
2026-09-13T13:45+02:00,699.284,45.198919999999994,1155.24762,72.17
2026-09-13T14:00+02:00,698.992,44.20248,1080.350247,70.8
2026-09-13T14:15+02:00,698.992,44.20248,1080.350247,73.46
2026-09-13T14:30+02:00,698.992,44.20248,1080.350247,76.1
2026-09-13T14:45+02:00,698.992,44.20248,1080.350247,75.87
2026-09-13T15:00+02:00,698.392,44.11234,968.478869,73.97
2026-09-13T15:15+02:00,698.392,44.11234,968.478869,76.32
2026-09-13T15:30+02:00,698.392,44.11234,968.478869,103.07
2026-09-13T15:45+02:00,698.392,44.11234,968.478869,123.32
2026-09-13T16:00+02:00,698.34,43.76316,861.380725,118.93
2026-09-13T16:15+02:00,698.34,43.76316,861.380725,134.49
2026-09-13T16:30+02:00,698.34,43.76316,861.380725,158.97
2026-09-13T16:45+02:00,698.34,43.76316,861.380725,181.83
2026-09-13T17:00+02:00,697.816,45.34812,781.566982,168.77
2026-09-13T17:15+02:00,697.816,45.34812,781.566982,185.96
2026-09-13T17:30+02:00,697.816,45.34812,781.566982,198.58
2026-09-13T17:45+02:00,697.816,45.34812,781.566982,208.01
2026-09-13T18:00+02:00,698,46.652660000000004,754.0764580000002,198.38
2026-09-13T18:15+02:00,698,46.652660000000004,754.0764580000002,204.25
2026-09-13T18:30+02:00,698,46.652660000000004,754.0764580000002,210.52
2026-09-13T18:45+02:00,698,46.652660000000004,754.0764580000002,228.64
2026-09-13T19:00+02:00,698.06,50.1272,704.87964,217.28
2026-09-13T19:15+02:00,698.06,50.1272,704.87964,228.31
2026-09-13T19:30+02:00,698.06,50.1272,704.87964,234.49
2026-09-13T19:45+02:00,698.06,50.1272,704.87964,239.96
2026-09-13T20:00+02:00,699.144,50.53156,716.03044,228.8
2026-09-13T20:15+02:00,699.144,50.53156,716.03044,235
2026-09-13T20:30+02:00,699.144,50.53156,716.03044,237.53
2026-09-13T20:45+02:00,699.144,50.53156,716.03044,233.99
2026-09-13T21:00+02:00,699.176,51.24943999999999,689.1318799999999,235.33
2026-09-13T21:15+02:00,699.176,51.24943999999999,689.1318799999999,235
2026-09-13T21:30+02:00,699.176,51.24943999999999,689.1318799999999,231.65
2026-09-13T21:45+02:00,699.176,51.24943999999999,689.1318799999999,227.5
2026-09-13T22:00+02:00,699.048,47.7506,630.8913600000001,232.43
2026-09-13T22:15+02:00,699.048,47.7506,630.8913600000001,227.5
2026-09-13T22:30+02:00,699.048,47.7506,630.8913600000001,227.5
2026-09-13T22:45+02:00,699.048,47.7506,630.8913600000001,222.41
2026-09-13T23:00+02:00,698.616,46.176300000000005,530.4155799999999,220.53
2026-09-13T23:15+02:00,698.616,46.176300000000005,530.4155799999999,208.58
2026-09-13T23:30+02:00,698.616,46.176300000000005,530.4155799999999,207.24
2026-09-13T23:45+02:00,698.616,46.176300000000005,530.4155799999999,206
2026-09-14T00:00+02:00,698.648,46.45124,459.12928000000005,218.18
2026-09-14T00:15+02:00,698.648,46.45124,459.12928000000005,205.79
2026-09-14T00:30+02:00,698.648,46.45124,459.12928000000005,196
2026-09-14T00:45+02:00,698.648,46.45124,459.12928000000005,186.85
2026-09-14T01:00+02:00,698.396,46.41434,358.29310000000004,192.1
2026-09-14T01:15+02:00,698.396,46.41434,358.29310000000004,187.5
2026-09-14T01:30+02:00,698.396,46.41434,358.29310000000004,189.38
2026-09-14T01:45+02:00,698.396,46.41434,358.29310000000004,182.59
2026-09-14T02:00+02:00,698.092,46.31264,231.35672,185.42
2026-09-14T02:15+02:00,698.092,46.31264,231.35672,185.05
2026-09-14T02:30+02:00,698.092,46.31264,231.35672,183.47
2026-09-14T02:45+02:00,698.092,46.31264,231.35672,182.75
2026-09-14T03:00+02:00,698.4,46.46106,225.5033,183.46
2026-09-14T03:15+02:00,698.4,46.46106,225.5033,184.16
2026-09-14T03:30+02:00,698.4,46.46106,225.5033,183.8
2026-09-14T03:45+02:00,698.4,46.46106,225.5033,184.05
2026-09-14T04:00+02:00,698.344,46.1527,224.94018,180.24
2026-09-14T04:15+02:00,698.344,46.1527,224.94018,181.2
2026-09-14T04:30+02:00,698.344,46.1527,224.94018,183.46
2026-09-14T04:45+02:00,698.344,46.1527,224.94018,190.12
2026-09-14T05:00+02:00,698.2,46.54944,246.98944,184.46
2026-09-14T05:15+02:00,698.2,46.54944,246.98944,194.47
2026-09-14T05:30+02:00,698.2,46.54944,246.98944,208.57
2026-09-14T05:45+02:00,698.2,46.54944,246.98944,221.58
2026-09-14T06:00+02:00,697.856,48.34424,522.08708,217.24
2026-09-14T06:15+02:00,697.856,48.34424,522.08708,244.89
2026-09-14T06:30+02:00,697.856,48.34424,522.08708,265.08
2026-09-14T06:45+02:00,697.856,48.34424,522.08708,269.37
2026-09-14T07:00+02:00,697.896,52.50488,722.8601600000001,284.93
2026-09-14T07:15+02:00,697.896,52.50488,722.8601600000001,303.76
2026-09-14T07:30+02:00,697.896,52.50488,722.8601600000001,307.06
2026-09-14T07:45+02:00,697.896,52.50488,722.8601600000001,307.89
2026-09-14T08:00+02:00,697.096,52.63222,812.1297880000001,333.19
2026-09-14T08:15+02:00,697.096,52.63222,812.1297880000001,293.72
2026-09-14T08:30+02:00,697.096,52.63222,812.1297880000001,270.26
2026-09-14T08:45+02:00,697.096,52.63222,812.1297880000001,248.96
2026-09-14T09:00+02:00,696.956,48.3356,886.9176580000001,278.49
2026-09-14T09:15+02:00,696.956,48.3356,886.9176580000001,260.01
2026-09-14T09:30+02:00,696.956,48.3356,886.9176580000001,235.04
2026-09-14T09:45+02:00,696.956,48.3356,886.9176580000001,210.93
2026-09-14T10:00+02:00,697.336,47.664899999999996,963.62901,235.24
2026-09-14T10:15+02:00,697.336,47.664899999999996,963.62901,214.93
2026-09-14T10:30+02:00,697.336,47.664899999999996,963.62901,199.82
2026-09-14T10:45+02:00,697.336,47.664899999999996,963.62901,183.36
2026-09-14T11:00+02:00,696.636,50.0686,924.748388,206.94
2026-09-14T11:15+02:00,696.636,50.0686,924.748388,190.51
2026-09-14T11:30+02:00,696.636,50.0686,924.748388,193.35
2026-09-14T11:45+02:00,696.636,50.0686,924.748388,183.65
2026-09-14T12:00+02:00,697.444,50.39822,912.6196160000001,192.27
2026-09-14T12:15+02:00,697.444,50.39822,912.6196160000001,179.68
2026-09-14T12:30+02:00,697.444,50.39822,912.6196160000001,176.52
2026-09-14T12:45+02:00,697.444,50.39822,912.6196160000001,168.87
2026-09-14T13:00+02:00,696.868,49.993719999999996,840.866106,173.39
2026-09-14T13:15+02:00,696.868,49.993719999999996,840.866106,170.79
2026-09-14T13:30+02:00,696.868,49.993719999999996,840.866106,169.55
2026-09-14T13:45+02:00,696.868,49.993719999999996,840.866106,155.91
2026-09-14T14:00+02:00,696.528,49.928560000000004,791.07261,159.82
2026-09-14T14:15+02:00,696.528,49.928560000000004,791.07261,161.77
2026-09-14T14:30+02:00,696.528,49.928560000000004,791.07261,159.6
2026-09-14T14:45+02:00,696.528,49.928560000000004,791.07261,166
2026-09-14T15:00+02:00,696.704,49.82436,751.43136,152.91
2026-09-14T15:15+02:00,696.704,49.82436,751.43136,155.59
2026-09-14T15:30+02:00,696.704,49.82436,751.43136,169.1
2026-09-14T15:45+02:00,696.704,49.82436,751.43136,182
2026-09-14T16:00+02:00,697.288,49.78764,585.755548,152
2026-09-14T16:15+02:00,697.288,49.78764,585.755548,170.08
2026-09-14T16:30+02:00,697.288,49.78764,585.755548,190
2026-09-14T16:45+02:00,697.288,49.78764,585.755548,213.84
2026-09-14T17:00+02:00,696.304,50.07222,629.2558300000001,180.49
2026-09-14T17:15+02:00,696.304,50.07222,629.2558300000001,216.95
2026-09-14T17:30+02:00,696.304,50.07222,629.2558300000001,259.21
2026-09-14T17:45+02:00,696.304,50.07222,629.2558300000001,287.4
2026-09-14T18:00+02:00,696.744,205.08712,753.8501060000001,244.1
2026-09-14T18:15+02:00,696.744,205.08712,753.8501060000001,290.35
2026-09-14T18:30+02:00,696.744,205.08712,753.8501060000001,402.33
2026-09-14T18:45+02:00,696.744,205.08712,753.8501060000001,519.1
2026-09-14T19:00+02:00,697.012,311.70862,780.8163,549.47
2026-09-14T19:15+02:00,697.012,311.70862,780.8163,588.61
2026-09-14T19:30+02:00,697.012,311.70862,780.8163,602.82
2026-09-14T19:45+02:00,697.012,311.70862,780.8163,633.56
2026-09-14T20:00+02:00,696.864,238.78498,737.66174,606.7
2026-09-14T20:15+02:00,696.864,238.78498,737.66174,511.78
2026-09-14T20:30+02:00,696.864,238.78498,737.66174,409.22
2026-09-14T20:45+02:00,696.864,238.78498,737.66174,350
2026-09-14T21:00+02:00,697.456,221.92582000000002,672.6737800000001,354.61
2026-09-14T21:15+02:00,697.456,221.92582000000002,672.6737800000001,307.16
2026-09-14T21:30+02:00,697.456,221.92582000000002,672.6737800000001,269.6
2026-09-14T21:45+02:00,697.456,221.92582000000002,672.6737800000001,248.81
2026-09-14T22:00+02:00,697.34,50.80602,623.46974,267.01
2026-09-14T22:15+02:00,697.34,50.80602,623.46974,251.62
2026-09-14T22:30+02:00,697.34,50.80602,623.46974,242.62
2026-09-14T22:45+02:00,697.34,50.80602,623.46974,224.98
2026-09-14T23:00+02:00,697.248,49.68782,609.19046,240.02
2026-09-14T23:15+02:00,697.248,49.68782,609.19046,226.54
2026-09-14T23:30+02:00,697.248,49.68782,609.19046,220.47
2026-09-14T23:45+02:00,697.248,49.68782,609.19046,207.1
2026-09-15T00:00+02:00,696.484,46.665639999999996,389.87172,225.32
2026-09-15T00:15+02:00,696.484,46.665639999999996,389.87172,222.48
2026-09-15T00:30+02:00,696.484,46.665639999999996,389.87172,209.42
2026-09-15T00:45+02:00,696.484,46.665639999999996,389.87172,193.63
2026-09-15T01:00+02:00,697.304,46.7891,382.21637999999996,211.24
2026-09-15T01:15+02:00,697.304,46.7891,382.21637999999996,198.43
2026-09-15T01:30+02:00,697.304,46.7891,382.21637999999996,194.29
2026-09-15T01:45+02:00,697.304,46.7891,382.21637999999996,188.1
2026-09-15T02:00+02:00,697.756,46.93904,312.75552000000005,189.9
2026-09-15T02:15+02:00,697.756,46.93904,312.75552000000005,188.92
2026-09-15T02:30+02:00,697.756,46.93904,312.75552000000005,193.21
2026-09-15T02:45+02:00,697.756,46.93904,312.75552000000005,192.74
2026-09-15T03:00+02:00,697.536,46.7425,309.97126000000003,185.3
2026-09-15T03:15+02:00,697.536,46.7425,309.97126000000003,185.99
2026-09-15T03:30+02:00,697.536,46.7425,309.97126000000003,187.33
2026-09-15T03:45+02:00,697.536,46.7425,309.97126000000003,184
2026-09-15T04:00+02:00,697.26,46.56648,309.60687999999993,184.06
2026-09-15T04:15+02:00,697.26,46.56648,309.60687999999993,184.3
2026-09-15T04:30+02:00,697.26,46.56648,309.60687999999993,184.53
2026-09-15T04:45+02:00,697.26,46.56648,309.60687999999993,181.31
2026-09-15T05:00+02:00,698.032,46.72746,471.32562,184.37
2026-09-15T05:15+02:00,698.032,46.72746,471.32562,187.42
2026-09-15T05:30+02:00,698.032,46.72746,471.32562,207.92
2026-09-15T05:45+02:00,698.032,46.72746,471.32562,227.34
2026-09-15T06:00+02:00,697.108,51.35806,612.68742,234.31
2026-09-15T06:15+02:00,697.108,51.35806,612.68742,240.1
2026-09-15T06:30+02:00,697.108,51.35806,612.68742,248.52
2026-09-15T06:45+02:00,697.108,51.35806,612.68742,258.62
2026-09-15T07:00+02:00,696.988,52.39078,668.7102060000001,278.29
2026-09-15T07:15+02:00,696.988,52.39078,668.7102060000001,268.06
2026-09-15T07:30+02:00,696.988,52.39078,668.7102060000001,252.27
2026-09-15T07:45+02:00,696.988,52.39078,668.7102060000001,243.3
2026-09-15T08:00+02:00,696.52,49.262519999999995,749.5781209999999,268.06
2026-09-15T08:15+02:00,696.52,49.262519999999995,749.5781209999999,241.51
2026-09-15T08:30+02:00,696.52,49.262519999999995,749.5781209999999,225.01
2026-09-15T08:45+02:00,696.52,49.262519999999995,749.5781209999999,197.87
2026-09-15T09:00+02:00,696.232,47.75818,770.7505450000001,227.5
2026-09-15T09:15+02:00,696.232,47.75818,770.7505450000001,212.6
2026-09-15T09:30+02:00,696.232,47.75818,770.7505450000001,185.74
2026-09-15T09:45+02:00,696.232,47.75818,770.7505450000001,143.14
2026-09-15T10:00+02:00,696.24,46.93028,882.85551,181.16
2026-09-15T10:15+02:00,696.24,46.93028,882.85551,162.59
2026-09-15T10:30+02:00,696.24,46.93028,882.85551,128.03
2026-09-15T10:45+02:00,696.24,46.93028,882.85551,112.06
2026-09-15T11:00+02:00,696.44,47.00402,1026.409761,125.11
2026-09-15T11:15+02:00,696.44,47.00402,1026.409761,94.26
2026-09-15T11:30+02:00,696.44,47.00402,1026.409761,73.64
2026-09-15T11:45+02:00,696.44,47.00402,1026.409761,44.92
2026-09-15T12:00+02:00,697.224,46.69508,1097.481386,63.71
2026-09-15T12:15+02:00,697.224,46.69508,1097.481386,61.32
2026-09-15T12:30+02:00,697.224,46.69508,1097.481386,61.87
2026-09-15T12:45+02:00,697.224,46.69508,1097.481386,61.75
2026-09-15T13:00+02:00,696.164,46.27508,1119.777609,74.3
2026-09-15T13:15+02:00,696.164,46.27508,1119.777609,74.3
2026-09-15T13:30+02:00,696.164,46.27508,1119.777609,74.56
2026-09-15T13:45+02:00,696.164,46.27508,1119.777609,72.78
2026-09-15T14:00+02:00,696.752,46.99094,1101.975602,77.59
2026-09-15T14:15+02:00,696.752,46.99094,1101.975602,77.9
2026-09-15T14:30+02:00,696.752,46.99094,1101.975602,90.44
2026-09-15T14:45+02:00,696.752,46.99094,1101.975602,115.51
2026-09-15T15:00+02:00,695.856,48.394380000000005,983.074749,93.61
2026-09-15T15:15+02:00,695.856,48.394380000000005,983.074749,108.85
2026-09-15T15:30+02:00,695.856,48.394380000000005,983.074749,127.17
2026-09-15T15:45+02:00,695.856,48.394380000000005,983.074749,164.06
2026-09-15T16:00+02:00,696.196,48.59858,906.3464389999999,118.38
2026-09-15T16:15+02:00,696.196,48.59858,906.3464389999999,156.75
2026-09-15T16:30+02:00,696.196,48.59858,906.3464389999999,177.29
2026-09-15T16:45+02:00,696.196,48.59858,906.3464389999999,238.16
2026-09-15T17:00+02:00,695.504,47.17312,894.851636,174.79
2026-09-15T17:15+02:00,695.504,47.17312,894.851636,220.96
2026-09-15T17:30+02:00,695.504,47.17312,894.851636,242.64
2026-09-15T17:45+02:00,695.504,47.17312,894.851636,260
2026-09-15T18:00+02:00,695.984,52.640280000000004,734.539777,237.29
2026-09-15T18:15+02:00,695.984,52.640280000000004,734.539777,257.98
2026-09-15T18:30+02:00,695.984,52.640280000000004,734.539777,280.11
2026-09-15T18:45+02:00,695.984,52.640280000000004,734.539777,299.49
2026-09-15T19:00+02:00,696.024,54.737179999999995,696.02602,277.76
2026-09-15T19:15+02:00,696.024,54.737179999999995,696.02602,300.66
2026-09-15T19:30+02:00,696.024,54.737179999999995,696.02602,322.49
2026-09-15T19:45+02:00,696.024,54.737179999999995,696.02602,300.73
2026-09-15T20:00+02:00,696.176,54.6827,671.3827000000001,272.74
2026-09-15T20:15+02:00,696.176,54.6827,671.3827000000001,260.61
2026-09-15T20:30+02:00,696.176,54.6827,671.3827000000001,245.93
2026-09-15T20:45+02:00,696.176,54.6827,671.3827000000001,238.7
2026-09-15T21:00+02:00,696.504,50.84576,582.23232,231.3
2026-09-15T21:15+02:00,696.504,50.84576,582.23232,226.54
2026-09-15T21:30+02:00,696.504,50.84576,582.23232,223.45
2026-09-15T21:45+02:00,696.504,50.84576,582.23232,208
2026-09-15T22:00+02:00,696.564,49.80702,500.29434000000003,212.98
2026-09-15T22:15+02:00,696.564,49.80702,500.29434000000003,215.34
2026-09-15T22:30+02:00,696.564,49.80702,500.29434000000003,209.54
2026-09-15T22:45+02:00,696.564,49.80702,500.29434000000003,199.92
2026-09-15T23:00+02:00,696.496,46.88736,507.7742,203.19
2026-09-15T23:15+02:00,696.496,46.88736,507.7742,190.82
2026-09-15T23:30+02:00,696.496,46.88736,507.7742,185.33
2026-09-15T23:45+02:00,696.496,46.88736,507.7742,171.15
2026-09-16T00:00+02:00,695.932,46.72746,368.3737,187.72
2026-09-16T00:15+02:00,695.932,46.72746,368.3737,180.1
2026-09-16T00:30+02:00,695.932,46.72746,368.3737,176.04
2026-09-16T00:45+02:00,695.932,46.72746,368.3737,172.6
2026-09-16T01:00+02:00,696.728,46.70808,232.50755999999998,175.21
2026-09-16T01:15+02:00,696.728,46.70808,232.50755999999998,171.74
2026-09-16T01:30+02:00,696.728,46.70808,232.50755999999998,170.88
2026-09-16T01:45+02:00,696.728,46.70808,232.50755999999998,170.44
2026-09-16T02:00+02:00,696.78,46.86412,174.01703999999998,168.8
2026-09-16T02:15+02:00,696.78,46.86412,174.01703999999998,170.86
2026-09-16T02:30+02:00,696.78,46.86412,174.01703999999998,172.16
2026-09-16T02:45+02:00,696.78,46.86412,174.01703999999998,174.33
2026-09-16T03:00+02:00,696.472,46.912079999999996,178.46128000000002,175.18
2026-09-16T03:15+02:00,696.472,46.912079999999996,178.46128000000002,168.86
2026-09-16T03:30+02:00,696.472,46.912079999999996,178.46128000000002,167.9
2026-09-16T03:45+02:00,696.472,46.912079999999996,178.46128000000002,168.87
2026-09-16T04:00+02:00,696.556,47.12442,169.99202,170.25
2026-09-16T04:15+02:00,696.556,47.12442,169.99202,167.87
2026-09-16T04:30+02:00,696.556,47.12442,169.99202,169.63
2026-09-16T04:45+02:00,696.556,47.12442,169.99202,172.87
2026-09-16T05:00+02:00,695.752,47.039699999999996,202.77678,168.1
2026-09-16T05:15+02:00,695.752,47.039699999999996,202.77678,180.4
2026-09-16T05:30+02:00,695.752,47.039699999999996,202.77678,194.14
2026-09-16T05:45+02:00,695.752,47.039699999999996,202.77678,228.89
2026-09-16T06:00+02:00,696.436,51.56166,510.20430000000005,220.8
2026-09-16T06:15+02:00,696.436,51.56166,510.20430000000005,233.33
2026-09-16T06:30+02:00,696.436,51.56166,510.20430000000005,242.43
2026-09-16T06:45+02:00,696.436,51.56166,510.20430000000005,248.38
2026-09-16T07:00+02:00,695.484,51.72328,637.0839769999999,242
2026-09-16T07:15+02:00,695.484,51.72328,637.0839769999999,239.76
2026-09-16T07:30+02:00,695.484,51.72328,637.0839769999999,234.98
2026-09-16T07:45+02:00,695.484,51.72328,637.0839769999999,230.74
2026-09-16T08:00+02:00,695.44,49.04072,805.9252660000002,247.01
2026-09-16T08:15+02:00,695.44,49.04072,805.9252660000002,237.79
2026-09-16T08:30+02:00,695.44,49.04072,805.9252660000002,223.17
2026-09-16T08:45+02:00,695.44,49.04072,805.9252660000002,192
2026-09-16T09:00+02:00,695.392,47.05112,910.435309,219.85
2026-09-16T09:15+02:00,695.392,47.05112,910.435309,153.46
2026-09-16T09:30+02:00,695.392,47.05112,910.435309,58.85
2026-09-16T09:45+02:00,695.392,47.05112,910.435309,40.17
2026-09-16T10:00+02:00,695.228,51.32398,934.468934,46.64
2026-09-16T10:15+02:00,695.228,51.32398,934.468934,17.49
2026-09-16T10:30+02:00,695.228,51.32398,934.468934,40.67
2026-09-16T10:45+02:00,695.228,51.32398,934.468934,54.03
2026-09-16T11:00+02:00,694.804,63.60304,999.460631,55.58
2026-09-16T11:15+02:00,694.804,63.60304,999.460631,64.58
2026-09-16T11:30+02:00,694.804,63.60304,999.460631,66.78
2026-09-16T11:45+02:00,694.804,63.60304,999.460631,56.46
2026-09-16T12:00+02:00,695.204,97.77038,1071.7182990000001,48.8
2026-09-16T12:15+02:00,695.204,97.77038,1071.7182990000001,66.73
2026-09-16T12:30+02:00,695.204,97.77038,1071.7182990000001,64.3
2026-09-16T12:45+02:00,695.204,97.77038,1071.7182990000001,73.79
2026-09-16T13:00+02:00,694.676,70.53975999999999,1102.898253,75.35
2026-09-16T13:15+02:00,694.676,70.53975999999999,1102.898253,94.3
2026-09-16T13:30+02:00,694.676,70.53975999999999,1102.898253,82.35
2026-09-16T13:45+02:00,694.676,70.53975999999999,1102.898253,83.49
2026-09-16T14:00+02:00,694.704,70.22876000000001,1085.876496,84.29
2026-09-16T14:15+02:00,694.704,70.22876000000001,1085.876496,81.68
2026-09-16T14:30+02:00,694.704,70.22876000000001,1085.876496,103.54
2026-09-16T14:45+02:00,694.704,70.22876000000001,1085.876496,105.15
2026-09-16T15:00+02:00,694.224,45.1693,989.2577840000001,107.79
2026-09-16T15:15+02:00,694.224,45.1693,989.2577840000001,118.82
2026-09-16T15:30+02:00,694.224,45.1693,989.2577840000001,133.55
2026-09-16T15:45+02:00,694.224,45.1693,989.2577840000001,136.91
2026-09-16T16:00+02:00,694.364,44.85172,837.6536689999999,134.03
2026-09-16T16:15+02:00,694.364,44.85172,837.6536689999999,147.48
2026-09-16T16:30+02:00,694.364,44.85172,837.6536689999999,170.33
2026-09-16T16:45+02:00,694.364,44.85172,837.6536689999999,200.33
2026-09-16T17:00+02:00,694.632,45.24598,802.785253,187.08
2026-09-16T17:15+02:00,694.632,45.24598,802.785253,210.6
2026-09-16T17:30+02:00,694.632,45.24598,802.785253,222.68
2026-09-16T17:45+02:00,694.632,45.24598,802.785253,236.48
2026-09-16T18:00+02:00,694.768,46.03999999999999,704.035536,204.69
2026-09-16T18:15+02:00,694.768,46.03999999999999,704.035536,233.54
2026-09-16T18:30+02:00,694.768,46.03999999999999,704.035536,247.94
2026-09-16T18:45+02:00,694.768,46.03999999999999,704.035536,270.57
2026-09-16T19:00+02:00,695.148,50.10397999999999,641.9679000000001,249.33
2026-09-16T19:15+02:00,695.148,50.10397999999999,641.9679000000001,263.8
2026-09-16T19:30+02:00,695.148,50.10397999999999,641.9679000000001,274.87
2026-09-16T19:45+02:00,695.148,50.10397999999999,641.9679000000001,279.04
2026-09-16T20:00+02:00,694.876,50.7769,648.5026999999999,264.58
2026-09-16T20:15+02:00,694.876,50.7769,648.5026999999999,248.79
2026-09-16T20:30+02:00,694.876,50.7769,648.5026999999999,239.89
2026-09-16T20:45+02:00,694.876,50.7769,648.5026999999999,234.47
2026-09-16T21:00+02:00,695.36,51.108259999999994,583.0704600000001,248.16
2026-09-16T21:15+02:00,695.36,51.108259999999994,583.0704600000001,230
2026-09-16T21:30+02:00,695.36,51.108259999999994,583.0704600000001,215.47
2026-09-16T21:45+02:00,695.36,51.108259999999994,583.0704600000001,199.31
2026-09-16T22:00+02:00,695.712,47.44526,514.39454,218.51
2026-09-16T22:15+02:00,695.712,47.44526,514.39454,208.96
2026-09-16T22:30+02:00,695.712,47.44526,514.39454,205.37
2026-09-16T22:45+02:00,695.712,47.44526,514.39454,196.45
2026-09-16T23:00+02:00,695.284,46.4729,515.72118,208.47
2026-09-16T23:15+02:00,695.284,46.4729,515.72118,195.16
2026-09-16T23:30+02:00,695.284,46.4729,515.72118,188.68
2026-09-16T23:45+02:00,695.284,46.4729,515.72118,176.16
2026-09-17T00:00+02:00,695.472,46.473380000000006,511.46294000000006,200.85
2026-09-17T00:15+02:00,695.472,46.473380000000006,511.46294000000006,187.83
2026-09-17T00:30+02:00,695.472,46.473380000000006,511.46294000000006,177.69
2026-09-17T00:45+02:00,695.472,46.473380000000006,511.46294000000006,172.22
2026-09-17T01:00+02:00,695.348,46.8211,342.60934,176.54
2026-09-17T01:15+02:00,695.348,46.8211,342.60934,171.4
2026-09-17T01:30+02:00,695.348,46.8211,342.60934,167.43
2026-09-17T01:45+02:00,695.348,46.8211,342.60934,164.88
2026-09-17T02:00+02:00,695.728,46.838159999999995,189.82044000000002,168.67
2026-09-17T02:15+02:00,695.728,46.838159999999995,189.82044000000002,167.61
2026-09-17T02:30+02:00,695.728,46.838159999999995,189.82044000000002,168.67
2026-09-17T02:45+02:00,695.728,46.838159999999995,189.82044000000002,169.57
2026-09-17T03:00+02:00,695.14,46.80934,185.43842,167.64
2026-09-17T03:15+02:00,695.14,46.80934,185.43842,168.45
2026-09-17T03:30+02:00,695.14,46.80934,185.43842,169.71
2026-09-17T03:45+02:00,695.14,46.80934,185.43842,170.08
2026-09-17T04:00+02:00,695.384,46.87208,183.14112,168.68
2026-09-17T04:15+02:00,695.384,46.87208,183.14112,169.43
2026-09-17T04:30+02:00,695.384,46.87208,183.14112,171.32
2026-09-17T04:45+02:00,695.384,46.87208,183.14112,167.93
2026-09-17T05:00+02:00,695.532,47.845800000000004,209.73343999999997,163.5
2026-09-17T05:15+02:00,695.532,47.845800000000004,209.73343999999997,175.04
2026-09-17T05:30+02:00,695.532,47.845800000000004,209.73343999999997,180.48
2026-09-17T05:45+02:00,695.532,47.845800000000004,209.73343999999997,185.47
2026-09-17T06:00+02:00,695.084,51.46772,439.08728,186.83
2026-09-17T06:15+02:00,695.084,51.46772,439.08728,229.84
2026-09-17T06:30+02:00,695.084,51.46772,439.08728,236.62
2026-09-17T06:45+02:00,695.084,51.46772,439.08728,239.02
2026-09-17T07:00+02:00,694.512,51.958780000000004,630.41478,238.56
2026-09-17T07:15+02:00,694.512,51.958780000000004,630.41478,227.2
2026-09-17T07:30+02:00,694.512,51.958780000000004,630.41478,214.48
2026-09-17T07:45+02:00,694.512,51.958780000000004,630.41478,205.26
2026-09-17T08:00+02:00,694.472,47.4333,581.654884,215.92
2026-09-17T08:15+02:00,694.472,47.4333,581.654884,204.69
2026-09-17T08:30+02:00,694.472,47.4333,581.654884,190.29
2026-09-17T08:45+02:00,694.472,47.4333,581.654884,154.09
2026-09-17T09:00+02:00,697.296,63.04366,385.84161099999994,200
2026-09-17T09:15+02:00,697.296,63.04366,385.84161099999994,193.46
2026-09-17T09:30+02:00,697.296,63.04366,385.84161099999994,221.61
2026-09-17T09:45+02:00,697.296,63.04366,385.84161099999994,133.28
2026-09-17T10:00+02:00,694.252,88.3856,302.421157,242.58
2026-09-17T10:15+02:00,694.252,88.3856,302.421157,237.6
2026-09-17T10:30+02:00,694.252,88.3856,302.421157,221.7
2026-09-17T10:45+02:00,694.252,88.3856,302.421157,208.69
2026-09-17T11:00+02:00,693.448,88.13596,276.02477,210
2026-09-17T11:15+02:00,693.448,88.13596,276.02477,173.87
2026-09-17T11:30+02:00,693.448,88.13596,276.02477,175.5
2026-09-17T11:45+02:00,693.448,88.13596,276.02477,185.31
2026-09-17T12:00+02:00,694.224,88.68990000000001,257.58746700000006,190
2026-09-17T12:15+02:00,694.224,88.68990000000001,257.58746700000006,168.73
2026-09-17T12:30+02:00,694.224,88.68990000000001,257.58746700000006,155.21
2026-09-17T12:45+02:00,694.224,88.68990000000001,257.58746700000006,126.09
2026-09-17T13:00+02:00,694.436,90.8467,331.394993,183
2026-09-17T13:15+02:00,694.436,90.8467,331.394993,176
2026-09-17T13:30+02:00,694.436,90.8467,331.394993,155.21
2026-09-17T13:45+02:00,694.436,90.8467,331.394993,125.83
2026-09-17T14:00+02:00,695.008,81.32292,324.612937,124.85
2026-09-17T14:15+02:00,695.008,81.32292,324.612937,97.45
2026-09-17T14:30+02:00,695.008,81.32292,324.612937,110.39
2026-09-17T14:45+02:00,695.008,81.32292,324.612937,116.36
2026-09-17T15:00+02:00,694.608,80.87013999999999,385.50673800000004,93.5
2026-09-17T15:15+02:00,694.608,80.87013999999999,385.50673800000004,117.32
2026-09-17T15:30+02:00,694.608,80.87013999999999,385.50673800000004,119.38
2026-09-17T15:45+02:00,694.608,80.87013999999999,385.50673800000004,150.9
2026-09-17T16:00+02:00,694.72,100.89076,301.587213,74.28
2026-09-17T16:15+02:00,694.72,100.89076,301.587213,177.28
2026-09-17T16:30+02:00,694.72,100.89076,301.587213,190.78
2026-09-17T16:45+02:00,694.72,100.89076,301.587213,219.62
2026-09-17T17:00+02:00,694.844,101.87356,395.486902,187.22
2026-09-17T17:15+02:00,694.844,101.87356,395.486902,227.37
2026-09-17T17:30+02:00,694.844,101.87356,395.486902,245
2026-09-17T17:45+02:00,694.844,101.87356,395.486902,249.36
2026-09-17T18:00+02:00,695.188,105.61574,636.100897,234.54
2026-09-17T18:15+02:00,695.188,105.61574,636.100897,249.73
2026-09-17T18:30+02:00,695.188,105.61574,636.100897,255.17
2026-09-17T18:45+02:00,695.188,105.61574,636.100897,261.96
2026-09-17T19:00+02:00,694.852,106.40729999999999,640.70918,259.83
2026-09-17T19:15+02:00,694.852,106.40729999999999,640.70918,268.06
2026-09-17T19:30+02:00,694.852,106.40729999999999,640.70918,271.32
2026-09-17T19:45+02:00,694.852,106.40729999999999,640.70918,276.83
2026-09-17T20:00+02:00,694.472,106.00626,638.9956200000001,260.94
2026-09-17T20:15+02:00,694.472,106.00626,638.9956200000001,246.78
2026-09-17T20:30+02:00,694.472,106.00626,638.9956200000001,239.93
2026-09-17T20:45+02:00,694.472,106.00626,638.9956200000001,229.72
2026-09-17T21:00+02:00,695.116,102.57622,523.12418,228.62
2026-09-17T21:15+02:00,695.116,102.57622,523.12418,229.24
2026-09-17T21:30+02:00,695.116,102.57622,523.12418,214.74
2026-09-17T21:45+02:00,695.116,102.57622,523.12418,214.31
2026-09-17T22:00+02:00,695.012,100.87374,461.60882000000004,206.59
2026-09-17T22:15+02:00,695.012,100.87374,461.60882000000004,198.76
2026-09-17T22:30+02:00,695.012,100.87374,461.60882000000004,200
2026-09-17T22:45+02:00,695.012,100.87374,461.60882000000004,196.33
2026-09-17T23:00+02:00,694.696,100.7747,418.36178,201.21
2026-09-17T23:15+02:00,694.696,100.7747,418.36178,198.68
2026-09-17T23:30+02:00,694.696,100.7747,418.36178,192.86
2026-09-17T23:45+02:00,694.696,100.7747,418.36178,175.49
2026-09-18T00:00+02:00,694.68,100.87578,364.29089999999997,208.16
2026-09-18T00:15+02:00,694.68,100.87578,364.29089999999997,208.18
2026-09-18T00:30+02:00,694.68,100.87578,364.29089999999997,191.93
2026-09-18T00:45+02:00,694.68,100.87578,364.29089999999997,182.97
2026-09-18T01:00+02:00,695.344,100.64222000000001,238.37934,191.08
2026-09-18T01:15+02:00,695.344,100.64222000000001,238.37934,186.26
2026-09-18T01:30+02:00,695.344,100.64222000000001,238.37934,188.14
2026-09-18T01:45+02:00,695.344,100.64222000000001,238.37934,190.08
2026-09-18T02:00+02:00,695.084,100.74382,199.66466,191.01
2026-09-18T02:15+02:00,695.084,100.74382,199.66466,190.77
2026-09-18T02:30+02:00,695.084,100.74382,199.66466,190.49
2026-09-18T02:45+02:00,695.084,100.74382,199.66466,190.49
2026-09-18T03:00+02:00,695.096,100.78728,222.51999999999998,181.96
2026-09-18T03:15+02:00,695.096,100.78728,222.51999999999998,189.16
2026-09-18T03:30+02:00,695.096,100.78728,222.51999999999998,192.28
2026-09-18T03:45+02:00,695.096,100.78728,222.51999999999998,190.71
2026-09-18T04:00+02:00,694.732,100.89,199.04824,185.79
2026-09-18T04:15+02:00,694.732,100.89,199.04824,189.42
2026-09-18T04:30+02:00,694.732,100.89,199.04824,185.65
2026-09-18T04:45+02:00,694.732,100.89,199.04824,191.18
2026-09-18T05:00+02:00,694.8,101.9207,311.0579,196.44
2026-09-18T05:15+02:00,694.8,101.9207,311.0579,192.06
2026-09-18T05:30+02:00,694.8,101.9207,311.0579,202.7
2026-09-18T05:45+02:00,694.8,101.9207,311.0579,208.52
2026-09-18T06:00+02:00,694.98,105.81198,593.6861799999999,211.53
2026-09-18T06:15+02:00,694.98,105.81198,593.6861799999999,226.3
2026-09-18T06:30+02:00,694.98,105.81198,593.6861799999999,238.62
2026-09-18T06:45+02:00,694.98,105.81198,593.6861799999999,255.87
2026-09-18T07:00+02:00,694.856,106.48956,637.429092,243.84
2026-09-18T07:15+02:00,694.856,106.48956,637.429092,235.65
2026-09-18T07:30+02:00,694.856,106.48956,637.429092,238.98
2026-09-18T07:45+02:00,694.856,106.48956,637.429092,236.24
2026-09-18T08:00+02:00,695.08,102.19486,716.1898980000001,232.39
2026-09-18T08:15+02:00,695.08,102.19486,716.1898980000001,210.43
2026-09-18T08:30+02:00,695.08,102.19486,716.1898980000001,206.59
2026-09-18T08:45+02:00,695.08,102.19486,716.1898980000001,188.29
2026-09-18T09:00+02:00,692.364,86.17429999999999,680.041013,206.51
2026-09-18T09:15+02:00,692.364,86.17429999999999,680.041013,181.67
2026-09-18T09:30+02:00,692.364,86.17429999999999,680.041013,150
2026-09-18T09:45+02:00,692.364,86.17429999999999,680.041013,114.83
2026-09-18T10:00+02:00,689.944,81.65128,700.181323,175.06
2026-09-18T10:15+02:00,689.944,81.65128,700.181323,110
2026-09-18T10:30+02:00,689.944,81.65128,700.181323,83.5
2026-09-18T10:45+02:00,689.944,81.65128,700.181323,55.06
2026-09-18T11:00+02:00,689.676,81.13814,746.29002,70.83
2026-09-18T11:15+02:00,689.676,81.13814,746.29002,50.74
2026-09-18T11:30+02:00,689.676,81.13814,746.29002,36.32
2026-09-18T11:45+02:00,689.676,81.13814,746.29002,38.25
2026-09-18T12:00+02:00,690.236,81.4305,790.7981219999999,31.67
2026-09-18T12:15+02:00,690.236,81.4305,790.7981219999999,24.16
2026-09-18T12:30+02:00,690.236,81.4305,790.7981219999999,17.86
2026-09-18T12:45+02:00,690.236,81.4305,790.7981219999999,14.85
2026-09-18T13:00+02:00,689.74,81.03118,822.1107450000001,19.44
2026-09-18T13:15+02:00,689.74,81.03118,822.1107450000001,17.81
2026-09-18T13:30+02:00,689.74,81.03118,822.1107450000001,19.08
2026-09-18T13:45+02:00,689.74,81.03118,822.1107450000001,18.72
2026-09-18T14:00+02:00,689.128,81.00362,813.866269,27.93
2026-09-18T14:15+02:00,689.128,81.00362,813.866269,31.96
2026-09-18T14:30+02:00,689.128,81.00362,813.866269,31.45
2026-09-18T14:45+02:00,689.128,81.00362,813.866269,45.89
2026-09-18T15:00+02:00,690.008,80.80784,791.4132010000001,14.47
2026-09-18T15:15+02:00,690.008,80.80784,791.4132010000001,46.41
2026-09-18T15:30+02:00,690.008,80.80784,791.4132010000001,62.34
2026-09-18T15:45+02:00,690.008,80.80784,791.4132010000001,112.07
2026-09-18T16:00+02:00,690.636,100.61201999999999,660.637392,66.88
2026-09-18T16:15+02:00,690.636,100.61201999999999,660.637392,123.54
2026-09-18T16:30+02:00,690.636,100.61201999999999,660.637392,215.82
2026-09-18T16:45+02:00,690.636,100.61201999999999,660.637392,231.04
2026-09-18T17:00+02:00,689.932,101.28663999999999,724.04866,198
2026-09-18T17:15+02:00,689.932,101.28663999999999,724.04866,214.77
2026-09-18T17:30+02:00,689.932,101.28663999999999,724.04866,233.76
2026-09-18T17:45+02:00,689.932,101.28663999999999,724.04866,250.92
2026-09-18T18:00+02:00,689.32,104.94171999999999,687.5972239999999,230.4
2026-09-18T18:15+02:00,689.32,104.94171999999999,687.5972239999999,241.14
2026-09-18T18:30+02:00,689.32,104.94171999999999,687.5972239999999,243.25
2026-09-18T18:45+02:00,689.32,104.94171999999999,687.5972239999999,260
2026-09-18T19:00+02:00,689.432,105.75707999999999,672.20932,248.4
2026-09-18T19:15+02:00,689.432,105.75707999999999,672.20932,265.1
2026-09-18T19:30+02:00,689.432,105.75707999999999,672.20932,268.06
2026-09-18T19:45+02:00,689.432,105.75707999999999,672.20932,264.88
2026-09-18T20:00+02:00,689.48,104.88622000000001,596.55186,236.44
2026-09-18T20:15+02:00,689.48,104.88622000000001,596.55186,238.9
2026-09-18T20:30+02:00,689.48,104.88622000000001,596.55186,236.19
2026-09-18T20:45+02:00,689.48,104.88622000000001,596.55186,215.6
2026-09-18T21:00+02:00,689.88,101.80184000000001,578.9238000000001,230.76
2026-09-18T21:15+02:00,689.88,101.80184000000001,578.9238000000001,214.31
2026-09-18T21:30+02:00,689.88,101.80184000000001,578.9238000000001,217.51
2026-09-18T21:45+02:00,689.88,101.80184000000001,578.9238000000001,221.16
2026-09-18T22:00+02:00,689.896,100.39678,498.8064600000001,218.9
2026-09-18T22:15+02:00,689.896,100.39678,498.8064600000001,217.98
2026-09-18T22:30+02:00,689.896,100.39678,498.8064600000001,207.82
2026-09-18T22:45+02:00,689.896,100.39678,498.8064600000001,197.32
2026-09-18T23:00+02:00,689.828,100.60366,465.88918000000007,206.6
2026-09-18T23:15+02:00,689.828,100.60366,465.88918000000007,201.33
2026-09-18T23:30+02:00,689.828,100.60366,465.88918000000007,201.53
2026-09-18T23:45+02:00,689.828,100.60366,465.88918000000007,199.58
2026-09-19T00:00+02:00,689.2,101.16235999999999,354.71740000000005,207.2
2026-09-19T00:15+02:00,689.2,101.16235999999999,354.71740000000005,213.54
2026-09-19T00:30+02:00,689.2,101.16235999999999,354.71740000000005,207.67
2026-09-19T00:45+02:00,689.2,101.16235999999999,354.71740000000005,203.92
2026-09-19T01:00+02:00,690.168,100.83264,272.9613200000001,203.46
2026-09-19T01:15+02:00,690.168,100.83264,272.9613200000001,196.77
2026-09-19T01:30+02:00,690.168,100.83264,272.9613200000001,200.21
2026-09-19T01:45+02:00,690.168,100.83264,272.9613200000001,197.17
2026-09-19T02:00+02:00,690.064,100.97748,202.0688,206.7
2026-09-19T02:15+02:00,690.064,100.97748,202.0688,202.49
2026-09-19T02:30+02:00,690.064,100.97748,202.0688,195.51
2026-09-19T02:45+02:00,690.064,100.97748,202.0688,187.51
2026-09-19T03:00+02:00,689.916,100.83958,175.86054,196.75
2026-09-19T03:15+02:00,689.916,100.83958,175.86054,200.19
2026-09-19T03:30+02:00,689.916,100.83958,175.86054,182.5
2026-09-19T03:45+02:00,689.916,100.83958,175.86054,180
2026-09-19T04:00+02:00,690.36,100.96654000000001,190.3351,190.03
2026-09-19T04:15+02:00,690.36,100.96654000000001,190.3351,192.05
2026-09-19T04:30+02:00,690.36,100.96654000000001,190.3351,198.2
2026-09-19T04:45+02:00,690.36,100.96654000000001,190.3351,191.09
2026-09-19T05:00+02:00,689.62,105.19378,246.12234,210.9
2026-09-19T05:15+02:00,689.62,105.19378,246.12234,210.9
2026-09-19T05:30+02:00,689.62,105.19378,246.12234,211
2026-09-19T05:45+02:00,689.62,105.19378,246.12234,218.88
2026-09-19T06:00+02:00,689.148,106.00438,457.0364200000001,226.76
2026-09-19T06:15+02:00,689.148,106.00438,457.0364200000001,227.79
2026-09-19T06:30+02:00,689.148,106.00438,457.0364200000001,242.67
2026-09-19T06:45+02:00,689.148,106.00438,457.0364200000001,246.59
2026-09-19T07:00+02:00,689.992,102.85566,423.4921,242.53
2026-09-19T07:15+02:00,689.992,102.85566,423.4921,238.91
2026-09-19T07:30+02:00,689.992,102.85566,423.4921,229.07
2026-09-19T07:45+02:00,689.992,102.85566,423.4921,174.22
2026-09-19T08:00+02:00,689.764,101.65598,339.81019000000003,210.38
2026-09-19T08:15+02:00,689.764,101.65598,339.81019000000003,185.18
2026-09-19T08:30+02:00,689.764,101.65598,339.81019000000003,136.01
2026-09-19T08:45+02:00,689.764,101.65598,339.81019000000003,17.09
2026-09-19T09:00+02:00,689.7,85.76242,453.17220499999996,111.12
2026-09-19T09:15+02:00,689.7,85.76242,453.17220499999996,13.29
2026-09-19T09:30+02:00,689.7,85.76242,453.17220499999996,8.37
2026-09-19T09:45+02:00,689.7,85.76242,453.17220499999996,7.28
2026-09-19T10:00+02:00,689.672,80.71781999999999,533.8231410000001,5.4
2026-09-19T10:15+02:00,689.672,80.71781999999999,533.8231410000001,4.09
2026-09-19T10:30+02:00,689.672,80.71781999999999,533.8231410000001,2.24
2026-09-19T10:45+02:00,689.672,80.71781999999999,533.8231410000001,3.76
2026-09-19T11:00+02:00,689.564,79.90646,632.7321910000001,5.36
2026-09-19T11:15+02:00,689.564,79.90646,632.7321910000001,5.36
2026-09-19T11:30+02:00,689.564,79.90646,632.7321910000001,5.66
2026-09-19T11:45+02:00,689.564,79.90646,632.7321910000001,6.24
2026-09-19T12:00+02:00,689.188,79.938,822.321619,5.63
2026-09-19T12:15+02:00,689.188,79.938,822.321619,4.46
2026-09-19T12:30+02:00,689.188,79.938,822.321619,4.99
2026-09-19T12:45+02:00,689.188,79.938,822.321619,4.54
2026-09-19T13:00+02:00,689.172,79.8036,886.689141,1.64
2026-09-19T13:15+02:00,689.172,79.8036,886.689141,1.06
2026-09-19T13:30+02:00,689.172,79.8036,886.689141,1.1
2026-09-19T13:45+02:00,689.172,79.8036,886.689141,1.23
2026-09-19T14:00+02:00,689.308,79.82902,840.609641,1.79
2026-09-19T14:15+02:00,689.308,79.82902,840.609641,1.77
2026-09-19T14:30+02:00,689.308,79.82902,840.609641,2.11
2026-09-19T14:45+02:00,689.308,79.82902,840.609641,6.55
2026-09-19T15:00+02:00,688.316,80.09736000000001,805.9370959999999,15.98
2026-09-19T15:15+02:00,688.316,80.09736000000001,805.9370959999999,15.73
2026-09-19T15:30+02:00,688.316,80.09736000000001,805.9370959999999,21.47
2026-09-19T15:45+02:00,688.316,80.09736000000001,805.9370959999999,124.57
2026-09-19T16:00+02:00,689.292,90.1326,725.5320429999999,16.48
2026-09-19T16:15+02:00,689.292,90.1326,725.5320429999999,169.16
2026-09-19T16:30+02:00,689.292,90.1326,725.5320429999999,196.04
2026-09-19T16:45+02:00,689.292,90.1326,725.5320429999999,218.8
2026-09-19T17:00+02:00,688.116,100.65654,657.248882,218.71
2026-09-19T17:15+02:00,688.116,100.65654,657.248882,177.24
2026-09-19T17:30+02:00,688.116,100.65654,657.248882,212.2
2026-09-19T17:45+02:00,688.116,100.65654,657.248882,229.97
2026-09-19T18:00+02:00,688.832,105.45530000000001,699.3786190000001,237
2026-09-19T18:15+02:00,688.832,105.45530000000001,699.3786190000001,238
2026-09-19T18:30+02:00,688.832,105.45530000000001,699.3786190000001,237
2026-09-19T18:45+02:00,688.832,105.45530000000001,699.3786190000001,240
2026-09-19T19:00+02:00,688.776,105.55051999999999,640.8874000000002,235.66
2026-09-19T19:15+02:00,688.776,105.55051999999999,640.8874000000002,242.95
2026-09-19T19:30+02:00,688.776,105.55051999999999,640.8874000000002,248
2026-09-19T19:45+02:00,688.776,105.55051999999999,640.8874000000002,248
2026-09-19T20:00+02:00,688.728,105.2305,597.7836199999999,222.78
2026-09-19T20:15+02:00,688.728,105.2305,597.7836199999999,227.76
2026-09-19T20:30+02:00,688.728,105.2305,597.7836199999999,218.97
2026-09-19T20:45+02:00,688.728,105.2305,597.7836199999999,202.84
2026-09-19T21:00+02:00,688.756,102.09472,579.97768,222.92
2026-09-19T21:15+02:00,688.756,102.09472,579.97768,208.44
2026-09-19T21:30+02:00,688.756,102.09472,579.97768,209.78
2026-09-19T21:45+02:00,688.756,102.09472,579.97768,188.77
2026-09-19T22:00+02:00,688.996,101.63264,568.7318,221.7
2026-09-19T22:15+02:00,688.996,101.63264,568.7318,217.75
2026-09-19T22:30+02:00,688.996,101.63264,568.7318,216.44
2026-09-19T22:45+02:00,688.996,101.63264,568.7318,201.23
2026-09-19T23:00+02:00,689.604,101.53518,514.3051399999999,227.63
2026-09-19T23:15+02:00,689.604,101.53518,514.3051399999999,212.74
2026-09-19T23:30+02:00,689.604,101.53518,514.3051399999999,208.61
2026-09-19T23:45+02:00,689.604,101.53518,514.3051399999999,200
2026-09-20T00:00+02:00,692.308,100.33962,457.68674,217
2026-09-20T00:15+02:00,692.308,100.33962,457.68674,211.03
2026-09-20T00:30+02:00,692.308,100.33962,457.68674,203.07
2026-09-20T00:45+02:00,692.308,100.33962,457.68674,197.9
2026-09-20T01:00+02:00,671,100.40119999999999,403.25807999999995,202.81
2026-09-20T01:15+02:00,671,100.40119999999999,403.25807999999995,211.8
2026-09-20T01:30+02:00,671,100.40119999999999,403.25807999999995,218.96
2026-09-20T01:45+02:00,671,100.40119999999999,403.25807999999995,220.43
2026-09-20T02:00+02:00,495.316,100.43812,291.51172,208.44
2026-09-20T02:15+02:00,495.316,100.43812,291.51172,220.87
2026-09-20T02:30+02:00,495.316,100.43812,291.51172,211
2026-09-20T02:45+02:00,495.316,100.43812,291.51172,214.49
2026-09-20T03:00+02:00,467.716,100.61122000000002,159.95734000000002,205
2026-09-20T03:15+02:00,467.716,100.61122000000002,159.95734000000002,214.74
2026-09-20T03:30+02:00,467.716,100.61122000000002,159.95734000000002,208.15
2026-09-20T03:45+02:00,467.716,100.61122000000002,159.95734000000002,211.91
2026-09-20T04:00+02:00,468.068,101.68932,156.62548,213.84
2026-09-20T04:15+02:00,468.068,101.68932,156.62548,208.44
2026-09-20T04:30+02:00,468.068,101.68932,156.62548,208.3
2026-09-20T04:45+02:00,468.068,101.68932,156.62548,211.22
2026-09-20T05:00+02:00,468.74,105.05398000000001,196.72918,203.03
2026-09-20T05:15+02:00,468.74,105.05398000000001,196.72918,205
2026-09-20T05:30+02:00,468.74,105.05398000000001,196.72918,210.45
2026-09-20T05:45+02:00,468.74,105.05398000000001,196.72918,209.3
2026-09-20T06:00+02:00,467.316,105.66868,342.60196,224.73
2026-09-20T06:15+02:00,467.316,105.66868,342.60196,224.92
2026-09-20T06:30+02:00,467.316,105.66868,342.60196,219.02
2026-09-20T06:45+02:00,467.316,105.66868,342.60196,210.9
2026-09-20T07:00+02:00,466.836,100.96462,235.618783,212.22
2026-09-20T07:15+02:00,466.836,100.96462,235.618783,196.45
2026-09-20T07:30+02:00,466.836,100.96462,235.618783,170.5
2026-09-20T07:45+02:00,466.836,100.96462,235.618783,79.79
2026-09-20T08:00+02:00,467.668,100.66518,342.644013,152.42
2026-09-20T08:15+02:00,467.668,100.66518,342.644013,23.19
2026-09-20T08:30+02:00,467.668,100.66518,342.644013,10.17
2026-09-20T08:45+02:00,467.668,100.66518,342.644013,5.12
2026-09-20T09:00+02:00,467.912,83.71052,516.988012,8.49
2026-09-20T09:15+02:00,467.912,83.71052,516.988012,5.11
2026-09-20T09:30+02:00,467.912,83.71052,516.988012,1.4
2026-09-20T09:45+02:00,467.912,83.71052,516.988012,0.01
2026-09-20T10:00+02:00,473.436,78.86772,704.300885,0.01
2026-09-20T10:15+02:00,473.436,78.86772,704.300885,0
2026-09-20T10:30+02:00,473.436,78.86772,704.300885,0
2026-09-20T10:45+02:00,473.436,78.86772,704.300885,0
2026-09-20T11:00+02:00,463.84,79.0811,827.528644,-0.01
2026-09-20T11:15+02:00,463.84,79.0811,827.528644,-0.05
2026-09-20T11:30+02:00,463.84,79.0811,827.528644,-0.07
2026-09-20T11:45+02:00,463.84,79.0811,827.528644,-0.02
2026-09-20T12:00+02:00,463.58,79.5664,961.0600240000001,0.07
2026-09-20T12:15+02:00,463.58,79.5664,961.0600240000001,0.07
2026-09-20T12:30+02:00,463.58,79.5664,961.0600240000001,0.06
2026-09-20T12:45+02:00,463.58,79.5664,961.0600240000001,0.07
2026-09-20T13:00+02:00,462.376,79.54074,917.718618,-0.25
2026-09-20T13:15+02:00,462.376,79.54074,917.718618,-0.32
2026-09-20T13:30+02:00,462.376,79.54074,917.718618,-0.36
2026-09-20T13:45+02:00,462.376,79.54074,917.718618,-0.09
2026-09-20T14:00+02:00,461.476,79.11154,866.176125,-0.03
2026-09-20T14:15+02:00,461.476,79.11154,866.176125,0.03
2026-09-20T14:30+02:00,461.476,79.11154,866.176125,0.08
2026-09-20T14:45+02:00,461.476,79.11154,866.176125,0.1
2026-09-20T15:00+02:00,461.072,78.81646,827.3744630000001,0.1
2026-09-20T15:15+02:00,461.072,78.81646,827.3744630000001,0.1
2026-09-20T15:30+02:00,461.072,78.81646,827.3744630000001,0.08
2026-09-20T15:45+02:00,461.072,78.81646,827.3744630000001,0.42
2026-09-20T16:00+02:00,474.112,88.80542000000001,696.197016,2.93
2026-09-20T16:15+02:00,474.112,88.80542000000001,696.197016,10.82
2026-09-20T16:30+02:00,474.112,88.80542000000001,696.197016,110.03
2026-09-20T16:45+02:00,474.112,88.80542000000001,696.197016,198.17
2026-09-20T17:00+02:00,521.02,99.26162,531.381117,163.06
2026-09-20T17:15+02:00,521.02,99.26162,531.381117,176.61
2026-09-20T17:30+02:00,521.02,99.26162,531.381117,204.89
2026-09-20T17:45+02:00,521.02,99.26162,531.381117,217
2026-09-20T18:00+02:00,579.992,101.16966000000001,637.5364549999999,209.86
2026-09-20T18:15+02:00,579.992,101.16966000000001,637.5364549999999,210.62
2026-09-20T18:30+02:00,579.992,101.16966000000001,637.5364549999999,219
2026-09-20T18:45+02:00,579.992,101.16966000000001,637.5364549999999,223.62
2026-09-20T19:00+02:00,638.604,104.03712000000002,591.6116400000001,202.15
2026-09-20T19:15+02:00,638.604,104.03712000000002,591.6116400000001,216.72
2026-09-20T19:30+02:00,638.604,104.03712000000002,591.6116400000001,228.94
2026-09-20T19:45+02:00,638.604,104.03712000000002,591.6116400000001,236.04
2026-09-20T20:00+02:00,686.652,104.71812,603.01812,222.08
2026-09-20T20:15+02:00,686.652,104.71812,603.01812,207.57
2026-09-20T20:30+02:00,686.652,104.71812,603.01812,187.55
2026-09-20T20:45+02:00,686.652,104.71812,603.01812,154.98
2026-09-20T21:00+02:00,688.224,104.43054,567.9939800000001,194.64
2026-09-20T21:15+02:00,688.224,104.43054,567.9939800000001,186.23
2026-09-20T21:30+02:00,688.224,104.43054,567.9939800000001,179.96
2026-09-20T21:45+02:00,688.224,104.43054,567.9939800000001,164.68
2026-09-20T22:00+02:00,688.728,102.02300000000001,535.9426000000001,200.3
2026-09-20T22:15+02:00,688.728,102.02300000000001,535.9426000000001,213.25
2026-09-20T22:30+02:00,688.728,102.02300000000001,535.9426000000001,191.1
2026-09-20T22:45+02:00,688.728,102.02300000000001,535.9426000000001,166.08
2026-09-20T23:00+02:00,688.564,100.20864,389.51039999999995,204.63
2026-09-20T23:15+02:00,688.564,100.20864,389.51039999999995,198.11
2026-09-20T23:30+02:00,688.564,100.20864,389.51039999999995,169.64
2026-09-20T23:45+02:00,688.564,100.20864,389.51039999999995,147.94
2026-09-21T00:00+02:00,688.996,100.5911,298.45477999999997,168.81
2026-09-21T00:15+02:00,688.996,100.5911,298.45477999999997,133.46
2026-09-21T00:30+02:00,688.996,100.5911,298.45477999999997,123.9
2026-09-21T00:45+02:00,688.996,100.5911,298.45477999999997,116.17
2026-09-21T01:00+02:00,689.516,99.76316,162.97315999999998,123.6
2026-09-21T01:15+02:00,689.516,99.76316,162.97315999999998,116
2026-09-21T01:30+02:00,689.516,99.76316,162.97315999999998,117.39
2026-09-21T01:45+02:00,689.516,99.76316,162.97315999999998,112.66
2026-09-21T02:00+02:00,689.876,99.76332000000001,152.24384,115.9
2026-09-21T02:15+02:00,689.876,99.76332000000001,152.24384,110.28
2026-09-21T02:30+02:00,689.876,99.76332000000001,152.24384,109.09
2026-09-21T02:45+02:00,689.876,99.76332000000001,152.24384,111.42
2026-09-21T03:00+02:00,688.524,99.91185999999999,151.35669999999996,112
2026-09-21T03:15+02:00,688.524,99.91185999999999,151.35669999999996,113.06
2026-09-21T03:30+02:00,688.524,99.91185999999999,151.35669999999996,110.62
2026-09-21T03:45+02:00,688.524,99.91185999999999,151.35669999999996,106.34
2026-09-21T04:00+02:00,689.36,99.90834,148.44881999999998,109.81
2026-09-21T04:15+02:00,689.36,99.90834,148.44881999999998,111.2
2026-09-21T04:30+02:00,689.36,99.90834,148.44881999999998,114.61
2026-09-21T04:45+02:00,689.36,99.90834,148.44881999999998,115.05
2026-09-21T05:00+02:00,689.088,101.39168,142.69404,113.45
2026-09-21T05:15+02:00,689.088,101.39168,142.69404,133.31
2026-09-21T05:30+02:00,689.088,101.39168,142.69404,161.23
2026-09-21T05:45+02:00,689.088,101.39168,142.69404,197.18
2026-09-21T06:00+02:00,688.24,105.55857999999999,371.72038,217.7
2026-09-21T06:15+02:00,688.24,105.55857999999999,371.72038,225.92
2026-09-21T06:30+02:00,688.24,105.55857999999999,371.72038,238.49
2026-09-21T06:45+02:00,688.24,105.55857999999999,371.72038,247.89
2026-09-21T07:00+02:00,688.728,106.29061999999999,600.111668,239
2026-09-21T07:15+02:00,688.728,106.29061999999999,600.111668,242.63
2026-09-21T07:30+02:00,688.728,106.29061999999999,600.111668,242.8
2026-09-21T07:45+02:00,688.728,106.29061999999999,600.111668,216.3
2026-09-21T08:00+02:00,688.264,103.12904,607.530605,263.06
2026-09-21T08:15+02:00,688.264,103.12904,607.530605,228.23
2026-09-21T08:30+02:00,688.264,103.12904,607.530605,192.25
2026-09-21T08:45+02:00,688.264,103.12904,607.530605,136.59
2026-09-21T09:00+02:00,688.604,86.7284,492.65064199999995,187.15
2026-09-21T09:15+02:00,688.604,86.7284,492.65064199999995,147.54
2026-09-21T09:30+02:00,688.604,86.7284,492.65064199999995,100.88
2026-09-21T09:45+02:00,688.604,86.7284,492.65064199999995,66.89
2026-09-21T10:00+02:00,688.956,81.75612,453.26780799999995,87.64
2026-09-21T10:15+02:00,688.956,81.75612,453.26780799999995,54.9
2026-09-21T10:30+02:00,688.956,81.75612,453.26780799999995,48.82
2026-09-21T10:45+02:00,688.956,81.75612,453.26780799999995,25.11
2026-09-21T11:00+02:00,689.952,81.37344000000002,572.08893,35.39
2026-09-21T11:15+02:00,689.952,81.37344000000002,572.08893,36.32
2026-09-21T11:30+02:00,689.952,81.37344000000002,572.08893,22.72
2026-09-21T11:45+02:00,689.952,81.37344000000002,572.08893,21.34
2026-09-21T12:00+02:00,689.492,81.17582,607.699458,51.22
2026-09-21T12:15+02:00,689.492,81.17582,607.699458,51.23
2026-09-21T12:30+02:00,689.492,81.17582,607.699458,45.83
2026-09-21T12:45+02:00,689.492,81.17582,607.699458,41.91
2026-09-21T13:00+02:00,689.376,81.29,587.222011,52.28
2026-09-21T13:15+02:00,689.376,81.29,587.222011,44.38
2026-09-21T13:30+02:00,689.376,81.29,587.222011,29.92
2026-09-21T13:45+02:00,689.376,81.29,587.222011,26.92
2026-09-21T14:00+02:00,688.908,81.67534,586.397939,40.09
2026-09-21T14:15+02:00,688.908,81.67534,586.397939,38.02
2026-09-21T14:30+02:00,688.908,81.67534,586.397939,39.89
2026-09-21T14:45+02:00,688.908,81.67534,586.397939,45.91
2026-09-21T15:00+02:00,689.4,81.31687999999998,620.2803809999999,46.75
2026-09-21T15:15+02:00,689.4,81.31687999999998,620.2803809999999,59.33
2026-09-21T15:30+02:00,689.4,81.31687999999998,620.2803809999999,113.44
2026-09-21T15:45+02:00,689.4,81.31687999999998,620.2803809999999,177.27
2026-09-21T16:00+02:00,689.912,91.2112,589.28485,66.59
2026-09-21T16:15+02:00,689.912,91.2112,589.28485,191.27
2026-09-21T16:30+02:00,689.912,91.2112,589.28485,213.31
2026-09-21T16:45+02:00,689.912,91.2112,589.28485,222.72
2026-09-21T17:00+02:00,689.14,100.6794,520.567592,146.89
2026-09-21T17:15+02:00,689.14,100.6794,520.567592,177.95
2026-09-21T17:30+02:00,689.14,100.6794,520.567592,202.43
2026-09-21T17:45+02:00,689.14,100.6794,520.567592,218.83
2026-09-21T18:00+02:00,690.104,102.08684000000001,588.290516,198.69
2026-09-21T18:15+02:00,690.104,102.08684000000001,588.290516,223.08
2026-09-21T18:30+02:00,690.104,102.08684000000001,588.290516,232.2
2026-09-21T18:45+02:00,690.104,102.08684000000001,588.290516,261.74
2026-09-21T19:00+02:00,689.756,105.33654,587.93986,227.37
2026-09-21T19:15+02:00,689.756,105.33654,587.93986,229.73
2026-09-21T19:30+02:00,689.756,105.33654,587.93986,252.09
2026-09-21T19:45+02:00,689.756,105.33654,587.93986,276.06
2026-09-21T20:00+02:00,689.544,106.20519999999999,605.9854799999999,251.3
2026-09-21T20:15+02:00,689.544,106.20519999999999,605.9854799999999,250.28
2026-09-21T20:30+02:00,689.544,106.20519999999999,605.9854799999999,243.48
2026-09-21T20:45+02:00,689.544,106.20519999999999,605.9854799999999,219.04
2026-09-21T21:00+02:00,689.588,105.99016,574.8818799999999,236.04
2026-09-21T21:15+02:00,689.588,105.99016,574.8818799999999,227.74
2026-09-21T21:30+02:00,689.588,105.99016,574.8818799999999,224
2026-09-21T21:45+02:00,689.588,105.99016,574.8818799999999,216.79
2026-09-21T22:00+02:00,689.228,102.59044,482.08511999999996,221.63
2026-09-21T22:15+02:00,689.228,102.59044,482.08511999999996,213.12
2026-09-21T22:30+02:00,689.228,102.59044,482.08511999999996,213.66
2026-09-21T22:45+02:00,689.228,102.59044,482.08511999999996,205.45
2026-09-21T23:00+02:00,688.784,101.37728,372.3779200000001,207.15
2026-09-21T23:15+02:00,688.784,101.37728,372.3779200000001,195.59
2026-09-21T23:30+02:00,688.784,101.37728,372.3779200000001,192.53
2026-09-21T23:45+02:00,688.784,101.37728,372.3779200000001,174.66
2026-09-22T00:00+02:00,687.136,90.80064,254.57999999999998,197.35
2026-09-22T00:15+02:00,687.136,90.80064,254.57999999999998,191.95
2026-09-22T00:30+02:00,687.136,90.80064,254.57999999999998,186.35
2026-09-22T00:45+02:00,687.136,90.80064,254.57999999999998,184.64
2026-09-22T01:00+02:00,685.132,89.07222,149.7063,185.61
2026-09-22T01:15+02:00,685.132,89.07222,149.7063,180.86
2026-09-22T01:30+02:00,685.132,89.07222,149.7063,185.07
2026-09-22T01:45+02:00,685.132,89.07222,149.7063,185.17
2026-09-22T02:00+02:00,685.556,89.2976,141.42492000000001,184.85
2026-09-22T02:15+02:00,685.556,89.2976,141.42492000000001,184.02
2026-09-22T02:30+02:00,685.556,89.2976,141.42492000000001,183.09
2026-09-22T02:45+02:00,685.556,89.2976,141.42492000000001,182.17
2026-09-22T03:00+02:00,686.216,89.23514,134.96622,183.16
2026-09-22T03:15+02:00,686.216,89.23514,134.96622,179.61
2026-09-22T03:30+02:00,686.216,89.23514,134.96622,178.15
2026-09-22T03:45+02:00,686.216,89.23514,134.96622,179.04
2026-09-22T04:00+02:00,685.312,89.19648,163.15843999999998,188.95
2026-09-22T04:15+02:00,685.312,89.19648,163.15843999999998,187.56
2026-09-22T04:30+02:00,685.312,89.19648,163.15843999999998,188.84
2026-09-22T04:45+02:00,685.312,89.19648,163.15843999999998,191.38
2026-09-22T05:00+02:00,686.292,90.17302000000001,163.5999,183.52
2026-09-22T05:15+02:00,686.292,90.17302000000001,163.5999,189.16
2026-09-22T05:30+02:00,686.292,90.17302000000001,163.5999,204.4
2026-09-22T05:45+02:00,686.292,90.17302000000001,163.5999,232.62
2026-09-22T06:00+02:00,685.424,94.42760000000001,406.44840000000005,211.85
2026-09-22T06:15+02:00,685.424,94.42760000000001,406.44840000000005,235.36
2026-09-22T06:30+02:00,685.424,94.42760000000001,406.44840000000005,253.53
2026-09-22T06:45+02:00,685.424,94.42760000000001,406.44840000000005,267.66
2026-09-22T07:00+02:00,685.372,94.9118,618.2942400000001,272.95
2026-09-22T07:15+02:00,685.372,94.9118,618.2942400000001,282.63
2026-09-22T07:30+02:00,685.372,94.9118,618.2942400000001,278.09
2026-09-22T07:45+02:00,685.372,94.9118,618.2942400000001,268.06
2026-09-22T08:00+02:00,685.184,91.09278,715.907544,282.29
2026-09-22T08:15+02:00,685.184,91.09278,715.907544,268.06
2026-09-22T08:30+02:00,685.184,91.09278,715.907544,240.76
2026-09-22T08:45+02:00,685.184,91.09278,715.907544,204.98
2026-09-22T09:00+02:00,685.224,90.72522,793.7170520000001,251.45
2026-09-22T09:15+02:00,685.224,90.72522,793.7170520000001,219.76
2026-09-22T09:30+02:00,685.224,90.72522,793.7170520000001,191.84
2026-09-22T09:45+02:00,685.224,90.72522,793.7170520000001,166.18
2026-09-22T10:00+02:00,685.128,95.35188000000001,806.258687,179.81
2026-09-22T10:15+02:00,685.128,95.35188000000001,806.258687,174.12
2026-09-22T10:30+02:00,685.128,95.35188000000001,806.258687,166.92
2026-09-22T10:45+02:00,685.128,95.35188000000001,806.258687,152.53
2026-09-22T11:00+02:00,684.916,96.1506,796.3969549999999,161.92
2026-09-22T11:15+02:00,684.916,96.1506,796.3969549999999,155.35
2026-09-22T11:30+02:00,684.916,96.1506,796.3969549999999,147.79
2026-09-22T11:45+02:00,684.916,96.1506,796.3969549999999,133.02
2026-09-22T12:00+02:00,685.604,95.94946,872.7706969999999,129.04
2026-09-22T12:15+02:00,685.604,95.94946,872.7706969999999,137.97
2026-09-22T12:30+02:00,685.604,95.94946,872.7706969999999,134.06
2026-09-22T12:45+02:00,685.604,95.94946,872.7706969999999,130.52
2026-09-22T13:00+02:00,684.744,85.09938000000001,861.2228269999999,129.92
2026-09-22T13:15+02:00,684.744,85.09938000000001,861.2228269999999,130.44
2026-09-22T13:30+02:00,684.744,85.09938000000001,861.2228269999999,122.63
2026-09-22T13:45+02:00,684.744,85.09938000000001,861.2228269999999,117.87
2026-09-22T14:00+02:00,684.332,111.87644000000002,840.5441529999999,124.71
2026-09-22T14:15+02:00,684.332,111.87644000000002,840.5441529999999,120.99
2026-09-22T14:30+02:00,684.332,111.87644000000002,840.5441529999999,122.16
2026-09-22T14:45+02:00,684.332,111.87644000000002,840.5441529999999,126.06
2026-09-22T15:00+02:00,683.932,105.32052,769.740903,116.68
2026-09-22T15:15+02:00,683.932,105.32052,769.740903,135.01
2026-09-22T15:30+02:00,683.932,105.32052,769.740903,150.43
2026-09-22T15:45+02:00,683.932,105.32052,769.740903,164.74
2026-09-22T16:00+02:00,684.548,94.69284,651.257751,158.98
2026-09-22T16:15+02:00,684.548,94.69284,651.257751,172.91
2026-09-22T16:30+02:00,684.548,94.69284,651.257751,198.54
2026-09-22T16:45+02:00,684.548,94.69284,651.257751,225.91
2026-09-22T17:00+02:00,684.988,94.24722,496.576241,186.08
2026-09-22T17:15+02:00,684.988,94.24722,496.576241,234.91
2026-09-22T17:30+02:00,684.988,94.24722,496.576241,257.82
2026-09-22T17:45+02:00,684.988,94.24722,496.576241,303.1
2026-09-22T18:00+02:00,685.576,108.90094,562.828699,241.04
2026-09-22T18:15+02:00,685.576,108.90094,562.828699,291.86
2026-09-22T18:30+02:00,685.576,108.90094,562.828699,372.66
2026-09-22T18:45+02:00,685.576,108.90094,562.828699,447.04
2026-09-22T19:00+02:00,685.888,209.91085999999999,633.24694,483.36
2026-09-22T19:15+02:00,685.888,209.91085999999999,633.24694,549.98
2026-09-22T19:30+02:00,685.888,209.91085999999999,633.24694,550.01
2026-09-22T19:45+02:00,685.888,209.91085999999999,633.24694,473.31
2026-09-22T20:00+02:00,685.324,212.21720000000002,631.91836,477.37
2026-09-22T20:15+02:00,685.324,212.21720000000002,631.91836,403.45
2026-09-22T20:30+02:00,685.324,212.21720000000002,631.91836,360.85
2026-09-22T20:45+02:00,685.324,212.21720000000002,631.91836,336.92
2026-09-22T21:00+02:00,685.884,115.80046000000002,573.4755799999999,304.61
2026-09-22T21:15+02:00,685.884,115.80046000000002,573.4755799999999,282.17
2026-09-22T21:30+02:00,685.884,115.80046000000002,573.4755799999999,282.61
2026-09-22T21:45+02:00,685.884,115.80046000000002,573.4755799999999,248.88
2026-09-22T22:00+02:00,685.688,48.276039999999995,440.95132,257.29
2026-09-22T22:15+02:00,685.688,48.276039999999995,440.95132,247.49
2026-09-22T22:30+02:00,685.688,48.276039999999995,440.95132,244.75
2026-09-22T22:45+02:00,685.688,48.276039999999995,440.95132,227.87
2026-09-22T23:00+02:00,686.092,47.03134,345.93050000000005,226.33
2026-09-22T23:15+02:00,686.092,47.03134,345.93050000000005,214.54
2026-09-22T23:30+02:00,686.092,47.03134,345.93050000000005,210.21
2026-09-22T23:45+02:00,686.092,47.03134,345.93050000000005,201.18
2026-09-23T00:00+02:00,686.768,46.66986,183.90722,195.02
2026-09-23T00:15+02:00,686.768,46.66986,183.90722,190.44
2026-09-23T00:30+02:00,686.768,46.66986,183.90722,191.19
2026-09-23T00:45+02:00,686.768,46.66986,183.90722,184.85
2026-09-23T01:00+02:00,686.792,46.66846,99.97449999999999,183.07
2026-09-23T01:15+02:00,686.792,46.66846,99.97449999999999,176.24
2026-09-23T01:30+02:00,686.792,46.66846,99.97449999999999,173.68
2026-09-23T01:45+02:00,686.792,46.66846,99.97449999999999,186.35
2026-09-23T02:00+02:00,687.164,46.85158,91.38190000000002,174.52
2026-09-23T02:15+02:00,687.164,46.85158,91.38190000000002,171.91
2026-09-23T02:30+02:00,687.164,46.85158,91.38190000000002,178.72
2026-09-23T02:45+02:00,687.164,46.85158,91.38190000000002,185.44
2026-09-23T03:00+02:00,687.168,46.77938,84.61598000000001,182.39
2026-09-23T03:15+02:00,687.168,46.77938,84.61598000000001,182.94
2026-09-23T03:30+02:00,687.168,46.77938,84.61598000000001,181.57
2026-09-23T03:45+02:00,687.168,46.77938,84.61598000000001,174.9
2026-09-23T04:00+02:00,688.268,46.6207,114.99218000000002,180
2026-09-23T04:15+02:00,688.268,46.6207,114.99218000000002,180.65
2026-09-23T04:30+02:00,688.268,46.6207,114.99218000000002,180.73
2026-09-23T04:45+02:00,688.268,46.6207,114.99218000000002,175.33
2026-09-23T05:00+02:00,687.86,47.93762,149.88458,172.78
2026-09-23T05:15+02:00,687.86,47.93762,149.88458,189.57
2026-09-23T05:30+02:00,687.86,47.93762,149.88458,203.27
2026-09-23T05:45+02:00,687.86,47.93762,149.88458,238.28
2026-09-23T06:00+02:00,687.508,51.50544,470.81380000000007,221.82
2026-09-23T06:15+02:00,687.508,51.50544,470.81380000000007,246.76
2026-09-23T06:30+02:00,687.508,51.50544,470.81380000000007,308.53
2026-09-23T06:45+02:00,687.508,51.50544,470.81380000000007,309.63
2026-09-23T07:00+02:00,687.876,52.364020000000004,620.556092,327.62
2026-09-23T07:15+02:00,687.876,52.364020000000004,620.556092,325
2026-09-23T07:30+02:00,687.876,52.364020000000004,620.556092,271.67
2026-09-23T07:45+02:00,687.876,52.364020000000004,620.556092,253.88
2026-09-23T08:00+02:00,687.208,49.01446,616.342132,276.35
2026-09-23T08:15+02:00,687.208,49.01446,616.342132,240.5
2026-09-23T08:30+02:00,687.208,49.01446,616.342132,224.31
2026-09-23T08:45+02:00,687.208,49.01446,616.342132,189.12
2026-09-23T09:00+02:00,686.94,45.70424,708.981231,219.75
2026-09-23T09:15+02:00,686.94,45.70424,708.981231,193.88
2026-09-23T09:30+02:00,686.94,45.70424,708.981231,170.82
2026-09-23T09:45+02:00,686.94,45.70424,708.981231,146.46
2026-09-23T10:00+02:00,686.776,45.81814,832.143399,166.24
2026-09-23T10:15+02:00,686.776,45.81814,832.143399,148.1
2026-09-23T10:30+02:00,686.776,45.81814,832.143399,134.95
2026-09-23T10:45+02:00,686.776,45.81814,832.143399,110.93
2026-09-23T11:00+02:00,687.056,44.68102,953.474021,111.79
2026-09-23T11:15+02:00,687.056,44.68102,953.474021,99.51
2026-09-23T11:30+02:00,687.056,44.68102,953.474021,81.86
2026-09-23T11:45+02:00,687.056,44.68102,953.474021,82.27
2026-09-23T12:00+02:00,686.964,45.148160000000004,1019.169473,93.78
2026-09-23T12:15+02:00,686.964,45.148160000000004,1019.169473,79.99
2026-09-23T12:30+02:00,686.964,45.148160000000004,1019.169473,75.71
2026-09-23T12:45+02:00,686.964,45.148160000000004,1019.169473,69
2026-09-23T13:00+02:00,686.804,45.46478,1030.405575,74.76
2026-09-23T13:15+02:00,686.804,45.46478,1030.405575,74.13
2026-09-23T13:30+02:00,686.804,45.46478,1030.405575,62.8
2026-09-23T13:45+02:00,686.804,45.46478,1030.405575,56.41
2026-09-23T14:00+02:00,686.812,45.41294,983.774504,78.27
2026-09-23T14:15+02:00,686.812,45.41294,983.774504,81.93
2026-09-23T14:30+02:00,686.812,45.41294,983.774504,95.79
2026-09-23T14:45+02:00,686.812,45.41294,983.774504,122.35
2026-09-23T15:00+02:00,686.94,44.674659999999996,897.817048,102.46
2026-09-23T15:15+02:00,686.94,44.674659999999996,897.817048,112.04
2026-09-23T15:30+02:00,686.94,44.674659999999996,897.817048,136.97
2026-09-23T15:45+02:00,686.94,44.674659999999996,897.817048,153.59
2026-09-23T16:00+02:00,687.728,45.31912,683.806865,134.58
2026-09-23T16:15+02:00,687.728,45.31912,683.806865,159.42
2026-09-23T16:30+02:00,687.728,45.31912,683.806865,182.3
2026-09-23T16:45+02:00,687.728,45.31912,683.806865,206.83
2026-09-23T17:00+02:00,686.988,47.3667,417.046498,165.95
2026-09-23T17:15+02:00,686.988,47.3667,417.046498,209.29
2026-09-23T17:30+02:00,686.988,47.3667,417.046498,236.6
2026-09-23T17:45+02:00,686.988,47.3667,417.046498,261.58
2026-09-23T18:00+02:00,687.644,53.78446,397.625825,241.04
2026-09-23T18:15+02:00,687.644,53.78446,397.625825,260.41
2026-09-23T18:30+02:00,687.644,53.78446,397.625825,282.93
2026-09-23T18:45+02:00,687.644,53.78446,397.625825,299.79
2026-09-23T19:00+02:00,686.912,110.89663999999999,636.61164,284.07
2026-09-23T19:15+02:00,686.912,110.89663999999999,636.61164,302.05
2026-09-23T19:30+02:00,686.912,110.89663999999999,636.61164,317.54
2026-09-23T19:45+02:00,686.912,110.89663999999999,636.61164,321
2026-09-23T20:00+02:00,686.96,110.25874,631.97042,291.41
2026-09-23T20:15+02:00,686.96,110.25874,631.97042,273.23
2026-09-23T20:30+02:00,686.96,110.25874,631.97042,254.85
2026-09-23T20:45+02:00,686.96,110.25874,631.97042,232.63
2026-09-23T21:00+02:00,687.116,58.77376,421.24999999999994,250.79
2026-09-23T21:15+02:00,687.116,58.77376,421.24999999999994,240.5
2026-09-23T21:30+02:00,687.116,58.77376,421.24999999999994,235.54
2026-09-23T21:45+02:00,687.116,58.77376,421.24999999999994,233.8
2026-09-23T22:00+02:00,686.864,49.46906,348.91666000000004,226.71
2026-09-23T22:15+02:00,686.864,49.46906,348.91666000000004,215.18
2026-09-23T22:30+02:00,686.864,49.46906,348.91666000000004,214.9
2026-09-23T22:45+02:00,686.864,49.46906,348.91666000000004,209.57
2026-09-23T23:00+02:00,687.628,47.8524,193.59648,208.43
2026-09-23T23:15+02:00,687.628,47.8524,193.59648,200.83
2026-09-23T23:30+02:00,687.628,47.8524,193.59648,200
2026-09-23T23:45+02:00,687.628,47.8524,193.59648,190.74
2026-09-24T00:00+02:00,687.392,47.7666,171.81752,199.45
2026-09-24T00:15+02:00,687.392,47.7666,171.81752,201.02
2026-09-24T00:30+02:00,687.392,47.7666,171.81752,194.5
2026-09-24T00:45+02:00,687.392,47.7666,171.81752,189.69
2026-09-24T01:00+02:00,687.46,47.7638,125.89324,200
2026-09-24T01:15+02:00,687.46,47.7638,125.89324,187.66
2026-09-24T01:30+02:00,687.46,47.7638,125.89324,187.66
2026-09-24T01:45+02:00,687.46,47.7638,125.89324,185
2026-09-24T02:00+02:00,687.664,47.66768,129.86836,185
2026-09-24T02:15+02:00,687.664,47.66768,129.86836,185
2026-09-24T02:30+02:00,687.664,47.66768,129.86836,194.87
2026-09-24T02:45+02:00,687.664,47.66768,129.86836,184.56
2026-09-24T03:00+02:00,687.58,47.73932,116.18808,197
2026-09-24T03:15+02:00,687.58,47.73932,116.18808,191.81
2026-09-24T03:30+02:00,687.58,47.73932,116.18808,186.99
2026-09-24T03:45+02:00,687.58,47.73932,116.18808,184.77
2026-09-24T04:00+02:00,687.856,47.57904,122.63712,181.69
2026-09-24T04:15+02:00,687.856,47.57904,122.63712,183.9
2026-09-24T04:30+02:00,687.856,47.57904,122.63712,180.56
2026-09-24T04:45+02:00,687.856,47.57904,122.63712,185
2026-09-24T05:00+02:00,687.784,48.669,123.9962,207.09
2026-09-24T05:15+02:00,687.784,48.669,123.9962,211.58
2026-09-24T05:30+02:00,687.784,48.669,123.9962,222.89
2026-09-24T05:45+02:00,687.784,48.669,123.9962,234.64
2026-09-24T06:00+02:00,687.824,51.96812,321.81155999999993,201.06
2026-09-24T06:15+02:00,687.824,51.96812,321.81155999999993,227.69
2026-09-24T06:30+02:00,687.824,51.96812,321.81155999999993,250.9
2026-09-24T06:45+02:00,687.824,51.96812,321.81155999999993,260.24
2026-09-24T07:00+02:00,687.528,51.89726,610.815513,258.39
2026-09-24T07:15+02:00,687.528,51.89726,610.815513,257.52
2026-09-24T07:30+02:00,687.528,51.89726,610.815513,255.93
2026-09-24T07:45+02:00,687.528,51.89726,610.815513,241.2
2026-09-24T08:00+02:00,687.02,48.04265999999999,589.019377,250.76
2026-09-24T08:15+02:00,687.02,48.04265999999999,589.019377,238.57
2026-09-24T08:30+02:00,687.02,48.04265999999999,589.019377,214.92
2026-09-24T08:45+02:00,687.02,48.04265999999999,589.019377,192.61
2026-09-24T09:00+02:00,690.492,61.0493,518.098218,220.3
2026-09-24T09:15+02:00,690.492,61.0493,518.098218,190.72
2026-09-24T09:30+02:00,690.492,61.0493,518.098218,173.46
2026-09-24T09:45+02:00,690.492,61.0493,518.098218,151.86
2026-09-24T10:00+02:00,687.268,78.2999,489.63592000000006,157.72
2026-09-24T10:15+02:00,687.268,78.2999,489.63592000000006,158.05
2026-09-24T10:30+02:00,687.268,78.2999,489.63592000000006,157.3
2026-09-24T10:45+02:00,687.268,78.2999,489.63592000000006,150.06
2026-09-24T11:00+02:00,686.828,84.45803999999998,512.912602,161.11
2026-09-24T11:15+02:00,686.828,84.45803999999998,512.912602,156.85
2026-09-24T11:30+02:00,686.828,84.45803999999998,512.912602,149.51
2026-09-24T11:45+02:00,686.828,84.45803999999998,512.912602,147.82
2026-09-24T12:00+02:00,686.956,80.87722,486.949375,159.05
2026-09-24T12:15+02:00,686.956,80.87722,486.949375,161.48
2026-09-24T12:30+02:00,686.956,80.87722,486.949375,151.98
2026-09-24T12:45+02:00,686.956,80.87722,486.949375,150.64
2026-09-24T13:00+02:00,686.772,80.57073999999999,407.72175500000003,157.43
2026-09-24T13:15+02:00,686.772,80.57073999999999,407.72175500000003,165.87
2026-09-24T13:30+02:00,686.772,80.57073999999999,407.72175500000003,158.07
2026-09-24T13:45+02:00,686.772,80.57073999999999,407.72175500000003,169.93
2026-09-24T14:00+02:00,686.612,80.64532,325.48488,143.96
2026-09-24T14:15+02:00,686.612,80.64532,325.48488,145.92
2026-09-24T14:30+02:00,686.612,80.64532,325.48488,175.08
2026-09-24T14:45+02:00,686.612,80.64532,325.48488,178.74
2026-09-24T15:00+02:00,686.492,73.67386,280.36890800000003,145.51
2026-09-24T15:15+02:00,686.492,73.67386,280.36890800000003,166.25
2026-09-24T15:30+02:00,686.492,73.67386,280.36890800000003,167.59
2026-09-24T15:45+02:00,686.492,73.67386,280.36890800000003,206.75
2026-09-24T16:00+02:00,686.872,72.34367999999999,236.618002,202.08
2026-09-24T16:15+02:00,686.872,72.34367999999999,236.618002,226.71
2026-09-24T16:30+02:00,686.872,72.34367999999999,236.618002,244.85
2026-09-24T16:45+02:00,686.872,72.34367999999999,236.618002,241.34
2026-09-24T17:00+02:00,687.56,191.4179,324.555287,212.59
2026-09-24T17:15+02:00,687.56,191.4179,324.555287,236.55
2026-09-24T17:30+02:00,687.56,191.4179,324.555287,267.98
2026-09-24T17:45+02:00,687.56,191.4179,324.555287,277.99
2026-09-24T18:00+02:00,686.532,203.1535,586.22098,251.75
2026-09-24T18:15+02:00,686.532,203.1535,586.22098,269.29
2026-09-24T18:30+02:00,686.532,203.1535,586.22098,293.41
2026-09-24T18:45+02:00,686.532,203.1535,586.22098,282.03
2026-09-24T19:00+02:00,686.252,207.5258,618.4827600000001,281.98
2026-09-24T19:15+02:00,686.252,207.5258,618.4827600000001,283.12
2026-09-24T19:30+02:00,686.252,207.5258,618.4827600000001,277.74
2026-09-24T19:45+02:00,686.252,207.5258,618.4827600000001,288.23
2026-09-24T20:00+02:00,686.488,206.8742,592.9609200000001,272.65
2026-09-24T20:15+02:00,686.488,206.8742,592.9609200000001,265.8
2026-09-24T20:30+02:00,686.488,206.8742,592.9609200000001,253.5
2026-09-24T20:45+02:00,686.488,206.8742,592.9609200000001,248.05
2026-09-24T21:00+02:00,686.748,164.55599999999998,555.2032399999998,240.29
2026-09-24T21:15+02:00,686.748,164.55599999999998,555.2032399999998,239.58
2026-09-24T21:30+02:00,686.748,164.55599999999998,555.2032399999998,231.49
2026-09-24T21:45+02:00,686.748,164.55599999999998,555.2032399999998,217.72
2026-09-24T22:00+02:00,685.456,88.5756,527.5380799999999,232.5
2026-09-24T22:15+02:00,685.456,88.5756,527.5380799999999,219.2
2026-09-24T22:30+02:00,685.456,88.5756,527.5380799999999,218.1
2026-09-24T22:45+02:00,685.456,88.5756,527.5380799999999,212.23
2026-09-24T23:00+02:00,686.548,82.82248000000001,324.46440000000007,216.05
2026-09-24T23:15+02:00,686.548,82.82248000000001,324.46440000000007,208.45
2026-09-24T23:30+02:00,686.548,82.82248000000001,324.46440000000007,204.83
2026-09-24T23:45+02:00,686.548,82.82248000000001,324.46440000000007,194.58
2026-09-25T00:00+02:00,686.504,82.70201999999999,182.88293999999996,198.26
2026-09-25T00:15+02:00,686.504,82.70201999999999,182.88293999999996,188.59
2026-09-25T00:30+02:00,686.504,82.70201999999999,182.88293999999996,180.83
2026-09-25T00:45+02:00,686.504,82.70201999999999,182.88293999999996,172.94
2026-09-25T01:00+02:00,686.652,82.4591,90.69197999999999,177.23
2026-09-25T01:15+02:00,686.652,82.4591,90.69197999999999,173.03
2026-09-25T01:30+02:00,686.652,82.4591,90.69197999999999,173.16
2026-09-25T01:45+02:00,686.652,82.4591,90.69197999999999,177.14
2026-09-25T02:00+02:00,687.124,82.3978,92.75168,180.78
2026-09-25T02:15+02:00,687.124,82.3978,92.75168,180.33
2026-09-25T02:30+02:00,687.124,82.3978,92.75168,179.21
2026-09-25T02:45+02:00,687.124,82.3978,92.75168,176.97
2026-09-25T03:00+02:00,687.232,82.45914,84.64886000000001,176.99
2026-09-25T03:15+02:00,687.232,82.45914,84.64886000000001,178.4
2026-09-25T03:30+02:00,687.232,82.45914,84.64886000000001,181.09
2026-09-25T03:45+02:00,687.232,82.45914,84.64886000000001,180.61
2026-09-25T04:00+02:00,687.552,82.4532,93.67408,183.37
2026-09-25T04:15+02:00,687.552,82.4532,93.67408,180.15
2026-09-25T04:30+02:00,687.552,82.4532,93.67408,173.98
2026-09-25T04:45+02:00,687.552,82.4532,93.67408,173.89
2026-09-25T05:00+02:00,688.2,83.21744,155.057636,182.93
2026-09-25T05:15+02:00,688.2,83.21744,155.057636,187.1
2026-09-25T05:30+02:00,688.2,83.21744,155.057636,207.13
2026-09-25T05:45+02:00,688.2,83.21744,155.057636,234.02
2026-09-25T06:00+02:00,687.232,87.13428,408.8481200000001,224.07
2026-09-25T06:15+02:00,687.232,87.13428,408.8481200000001,242.81
2026-09-25T06:30+02:00,687.232,87.13428,408.8481200000001,243.2
2026-09-25T06:45+02:00,687.232,87.13428,408.8481200000001,254.38
2026-09-25T07:00+02:00,688.48,87.65653999999999,595.9521759999999,270.32
2026-09-25T07:15+02:00,688.48,87.65653999999999,595.9521759999999,267.24
2026-09-25T07:30+02:00,688.48,87.65653999999999,595.9521759999999,267.97
2026-09-25T07:45+02:00,688.48,87.65653999999999,595.9521759999999,250.97
2026-09-25T08:00+02:00,687.444,83.21324,632.515231,283.65
2026-09-25T08:15+02:00,687.444,83.21324,632.515231,258.39
2026-09-25T08:30+02:00,687.444,83.21324,632.515231,241.49
2026-09-25T08:45+02:00,687.444,83.21324,632.515231,203.97
2026-09-25T09:00+02:00,688.252,74.00306,742.34803,239.93
2026-09-25T09:15+02:00,688.252,74.00306,742.34803,203.19
2026-09-25T09:30+02:00,688.252,74.00306,742.34803,189.27
2026-09-25T09:45+02:00,688.252,74.00306,742.34803,157.5
2026-09-25T10:00+02:00,686.904,73.4176,853.4838239999999,184.93
2026-09-25T10:15+02:00,686.904,73.4176,853.4838239999999,167.17
2026-09-25T10:30+02:00,686.904,73.4176,853.4838239999999,150.74
2026-09-25T10:45+02:00,686.904,73.4176,853.4838239999999,146.88
2026-09-25T11:00+02:00,687.34,88.20379600000001,984.881161,147.09
2026-09-25T11:15+02:00,687.34,88.20379600000001,984.881161,138.04
2026-09-25T11:30+02:00,687.34,88.20379600000001,984.881161,135.17
2026-09-25T11:45+02:00,687.34,88.20379600000001,984.881161,152.15
2026-09-25T12:00+02:00,687.616,73.19980000000001,1055.5216030000001,150.38
2026-09-25T12:15+02:00,687.616,73.19980000000001,1055.5216030000001,151.72
2026-09-25T12:30+02:00,687.616,73.19980000000001,1055.5216030000001,155.65
2026-09-25T12:45+02:00,687.616,73.19980000000001,1055.5216030000001,152.91
2026-09-25T13:00+02:00,687.392,73.01778,1025.533547,155.8
2026-09-25T13:15+02:00,687.392,73.01778,1025.533547,155.97
2026-09-25T13:30+02:00,687.392,73.01778,1025.533547,160
2026-09-25T13:45+02:00,687.392,73.01778,1025.533547,155.8
2026-09-25T14:00+02:00,686.712,72.87714,976.076867,146.06
2026-09-25T14:15+02:00,686.712,72.87714,976.076867,158.39
2026-09-25T14:30+02:00,686.712,72.87714,976.076867,161.53
2026-09-25T14:45+02:00,686.712,72.87714,976.076867,155.23
2026-09-25T15:00+02:00,686.5,72.53369599999999,859.900812,146.94
2026-09-25T15:15+02:00,686.5,72.53369599999999,859.900812,155.34
2026-09-25T15:30+02:00,686.5,72.53369599999999,859.900812,165
2026-09-25T15:45+02:00,686.5,72.53369599999999,859.900812,185.22
2026-09-25T16:00+02:00,687.008,72.33658,675.359195,159.78
2026-09-25T16:15+02:00,687.008,72.33658,675.359195,173.49
2026-09-25T16:30+02:00,687.008,72.33658,675.359195,207.1
2026-09-25T16:45+02:00,687.008,72.33658,675.359195,221.75
2026-09-25T17:00+02:00,686.312,85.09724,666.9244940000001,201.7
2026-09-25T17:15+02:00,686.312,85.09724,666.9244940000001,238.24
2026-09-25T17:30+02:00,686.312,85.09724,666.9244940000001,231.38
2026-09-25T17:45+02:00,686.312,85.09724,666.9244940000001,246.55
2026-09-25T18:00+02:00,686.588,101.42988,629.879575,214.08
2026-09-25T18:15+02:00,686.588,101.42988,629.879575,239.88
2026-09-25T18:30+02:00,686.588,101.42988,629.879575,247.49
2026-09-25T18:45+02:00,686.588,101.42988,629.879575,282.12
2026-09-25T19:00+02:00,686.584,102.355676,622.73452,281.61
2026-09-25T19:15+02:00,686.584,102.355676,622.73452,293.74
2026-09-25T19:30+02:00,686.584,102.355676,622.73452,303.27
2026-09-25T19:45+02:00,686.584,102.355676,622.73452,297.9
2026-09-25T20:00+02:00,686.2,102.80750000000002,616.1687,270
2026-09-25T20:15+02:00,686.2,102.80750000000002,616.1687,255
2026-09-25T20:30+02:00,686.2,102.80750000000002,616.1687,254.83
2026-09-25T20:45+02:00,686.2,102.80750000000002,616.1687,245.05
2026-09-25T21:00+02:00,686.752,98.764176,574.22006,250.62
2026-09-25T21:15+02:00,686.752,98.764176,574.22006,240.33
2026-09-25T21:30+02:00,686.752,98.764176,574.22006,234.72
2026-09-25T21:45+02:00,686.752,98.764176,574.22006,218.64
2026-09-25T22:00+02:00,686.516,85.157,555.5928759999999,229.01
2026-09-25T22:15+02:00,686.516,85.157,555.5928759999999,222.38
2026-09-25T22:30+02:00,686.516,85.157,555.5928759999999,217.4
2026-09-25T22:45+02:00,686.516,85.157,555.5928759999999,213.62
2026-09-25T23:00+02:00,687.432,82.29146,400.5715,211.54
2026-09-25T23:15+02:00,687.432,82.29146,400.5715,207.63
2026-09-25T23:30+02:00,687.432,82.29146,400.5715,199.56
2026-09-25T23:45+02:00,687.432,82.29146,400.5715,188.67
2026-09-26T00:00+02:00,686.652,82.11684000000001,263.88528,219.47
2026-09-26T00:15+02:00,686.652,82.11684000000001,263.88528,213.93
2026-09-26T00:30+02:00,686.652,82.11684000000001,263.88528,196.99
2026-09-26T00:45+02:00,686.652,82.11684000000001,263.88528,193.31
2026-09-26T01:00+02:00,687.52,82.31559999999999,127.13096,200.8
2026-09-26T01:15+02:00,687.52,82.31559999999999,127.13096,195.65
2026-09-26T01:30+02:00,687.52,82.31559999999999,127.13096,195.65
2026-09-26T01:45+02:00,687.52,82.31559999999999,127.13096,193.99
2026-09-26T02:00+02:00,688.304,82.21862,98.30458,196.13
2026-09-26T02:15+02:00,688.304,82.21862,98.30458,199.46
2026-09-26T02:30+02:00,688.304,82.21862,98.30458,197.53
2026-09-26T02:45+02:00,688.304,82.21862,98.30458,192.8
2026-09-26T03:00+02:00,687.58,82.4119,94.2895,194.93
2026-09-26T03:15+02:00,687.58,82.4119,94.2895,189.03
2026-09-26T03:30+02:00,687.58,82.4119,94.2895,187
2026-09-26T03:45+02:00,687.58,82.4119,94.2895,184.46
2026-09-26T04:00+02:00,687.576,82.3344,94.55180000000001,187.87
2026-09-26T04:15+02:00,687.576,82.3344,94.55180000000001,187.08
2026-09-26T04:30+02:00,687.576,82.3344,94.55180000000001,180.07
2026-09-26T04:45+02:00,687.576,82.3344,94.55180000000001,180.98
2026-09-26T05:00+02:00,687.688,83.45702,226.11442000000002,180.08
2026-09-26T05:15+02:00,687.688,83.45702,226.11442000000002,187.53
2026-09-26T05:30+02:00,687.688,83.45702,226.11442000000002,186.1
2026-09-26T05:45+02:00,687.688,83.45702,226.11442000000002,193.07
2026-09-26T06:00+02:00,688.284,86.82008,518.7856400000001,189.13
2026-09-26T06:15+02:00,688.284,86.82008,518.7856400000001,193.97
2026-09-26T06:30+02:00,688.284,86.82008,518.7856400000001,203.81
2026-09-26T06:45+02:00,688.284,86.82008,518.7856400000001,203.98
2026-09-26T07:00+02:00,687.988,87.59528,467.67269,216.56
2026-09-26T07:15+02:00,687.988,87.59528,467.67269,216.35
2026-09-26T07:30+02:00,687.988,87.59528,467.67269,206.63
2026-09-26T07:45+02:00,687.988,87.59528,467.67269,196.76
2026-09-26T08:00+02:00,687.568,83.48202,416.92666599999995,213.02
2026-09-26T08:15+02:00,687.568,83.48202,416.92666599999995,203
2026-09-26T08:30+02:00,687.568,83.48202,416.92666599999995,187.34
2026-09-26T08:45+02:00,687.568,83.48202,416.92666599999995,166.4
2026-09-26T09:00+02:00,688.072,73.85148,548.8015929999999,193.17
2026-09-26T09:15+02:00,688.072,73.85148,548.8015929999999,165.98
2026-09-26T09:30+02:00,688.072,73.85148,548.8015929999999,139.03
2026-09-26T09:45+02:00,688.072,73.85148,548.8015929999999,127.59
2026-09-26T10:00+02:00,687.18,74.28926,781.6206149999999,132.41
2026-09-26T10:15+02:00,687.18,74.28926,781.6206149999999,120.56
2026-09-26T10:30+02:00,687.18,74.28926,781.6206149999999,104.99
2026-09-26T10:45+02:00,687.18,74.28926,781.6206149999999,92.26
2026-09-26T11:00+02:00,687.236,75.04504,946.335326,78.49
2026-09-26T11:15+02:00,687.236,75.04504,946.335326,59.02
2026-09-26T11:30+02:00,687.236,75.04504,946.335326,46.32
2026-09-26T11:45+02:00,687.236,75.04504,946.335326,30.39
2026-09-26T12:00+02:00,686.992,75.15208,1008.135069,18.71
2026-09-26T12:15+02:00,686.992,75.15208,1008.135069,14.42
2026-09-26T12:30+02:00,686.992,75.15208,1008.135069,11.18
2026-09-26T12:45+02:00,686.992,75.15208,1008.135069,5.86
2026-09-26T13:00+02:00,686.924,74.90763999999999,1021.326515,4.88
2026-09-26T13:15+02:00,686.924,74.90763999999999,1021.326515,2.11
2026-09-26T13:30+02:00,686.924,74.90763999999999,1021.326515,0.76
2026-09-26T13:45+02:00,686.924,74.90763999999999,1021.326515,0.76
2026-09-26T14:00+02:00,686.828,74.3166,985.266854,8.99
2026-09-26T14:15+02:00,686.828,74.3166,985.266854,12.51
2026-09-26T14:30+02:00,686.828,74.3166,985.266854,23.3
2026-09-26T14:45+02:00,686.828,74.3166,985.266854,28.14
2026-09-26T15:00+02:00,687.096,74.06760000000001,854.874487,23
2026-09-26T15:15+02:00,687.096,74.06760000000001,854.874487,40
2026-09-26T15:30+02:00,687.096,74.06760000000001,854.874487,54.7
2026-09-26T15:45+02:00,687.096,74.06760000000001,854.874487,78.26
2026-09-26T16:00+02:00,686.496,72.83539999999999,669.554039,94.18
2026-09-26T16:15+02:00,686.496,72.83539999999999,669.554039,125.21
2026-09-26T16:30+02:00,686.496,72.83539999999999,669.554039,137.61
2026-09-26T16:45+02:00,686.496,72.83539999999999,669.554039,160.1
2026-09-26T17:00+02:00,685.724,83.84886,484.67081599999995,163.16
2026-09-26T17:15+02:00,685.724,83.84886,484.67081599999995,198.62
2026-09-26T17:30+02:00,685.724,83.84886,484.67081599999995,224.94
2026-09-26T17:45+02:00,685.724,83.84886,484.67081599999995,205.44
2026-09-26T18:00+02:00,686.152,97.4191,542.696705,201
2026-09-26T18:15+02:00,686.152,97.4191,542.696705,206.87
2026-09-26T18:30+02:00,686.152,97.4191,542.696705,221.06
2026-09-26T18:45+02:00,686.152,97.4191,542.696705,234.23
2026-09-26T19:00+02:00,686.156,98.48554,564.97374,222
2026-09-26T19:15+02:00,686.156,98.48554,564.97374,230.46
2026-09-26T19:30+02:00,686.156,98.48554,564.97374,243.61
2026-09-26T19:45+02:00,686.156,98.48554,564.97374,251.08
2026-09-26T20:00+02:00,686.372,98.54238,592.7541399999999,238.97
2026-09-26T20:15+02:00,686.372,98.54238,592.7541399999999,232
2026-09-26T20:30+02:00,686.372,98.54238,592.7541399999999,222.48
2026-09-26T20:45+02:00,686.372,98.54238,592.7541399999999,211.99
2026-09-26T21:00+02:00,686.816,95.04278000000001,545.77514,218.18
2026-09-26T21:15+02:00,686.816,95.04278000000001,545.77514,210.24
2026-09-26T21:30+02:00,686.816,95.04278000000001,545.77514,205.53
2026-09-26T21:45+02:00,686.816,95.04278000000001,545.77514,200
2026-09-26T22:00+02:00,686.456,84.68034,494.62213999999994,207
2026-09-26T22:15+02:00,686.456,84.68034,494.62213999999994,200.62
2026-09-26T22:30+02:00,686.456,84.68034,494.62213999999994,197.73
2026-09-26T22:45+02:00,686.456,84.68034,494.62213999999994,191.89
2026-09-26T23:00+02:00,687.28,81.87725999999999,441.24013999999994,195.2
2026-09-26T23:15+02:00,687.28,81.87725999999999,441.24013999999994,188.45
2026-09-26T23:30+02:00,687.28,81.87725999999999,441.24013999999994,182.55
2026-09-26T23:45+02:00,687.28,81.87725999999999,441.24013999999994,177.8
2026-09-27T00:00+02:00,687.148,93.54292,336.25772,192.07
2026-09-27T00:15+02:00,687.148,93.54292,336.25772,191.35
2026-09-27T00:30+02:00,687.148,93.54292,336.25772,186.06
2026-09-27T00:45+02:00,687.148,93.54292,336.25772,175.55
2026-09-27T01:00+02:00,687.7,93.74542,238.35245999999998,181.63
2026-09-27T01:15+02:00,687.7,93.74542,238.35245999999998,178
2026-09-27T01:30+02:00,687.7,93.74542,238.35245999999998,176.62
2026-09-27T01:45+02:00,687.7,93.74542,238.35245999999998,178
2026-09-27T02:00+02:00,687.92,93.80640000000001,116.68836000000002,176
2026-09-27T02:15+02:00,687.92,93.80640000000001,116.68836000000002,171.31
2026-09-27T02:30+02:00,687.92,93.80640000000001,116.68836000000002,169.97
2026-09-27T02:45+02:00,687.92,93.80640000000001,116.68836000000002,168.08
2026-09-27T03:00+02:00,688.32,93.6693,109.26818,168.16
2026-09-27T03:15+02:00,688.32,93.6693,109.26818,166.78
2026-09-27T03:30+02:00,688.32,93.6693,109.26818,165.4
2026-09-27T03:45+02:00,688.32,93.6693,109.26818,165.39
2026-09-27T04:00+02:00,688.188,94.17354,106.65581999999999,165
2026-09-27T04:15+02:00,688.188,94.17354,106.65581999999999,160.83
2026-09-27T04:30+02:00,688.188,94.17354,106.65581999999999,160.44
2026-09-27T04:45+02:00,688.188,94.17354,106.65581999999999,160
2026-09-27T05:00+02:00,688.012,95.49896000000001,105.12523999999999,160.44
2026-09-27T05:15+02:00,688.012,95.49896000000001,105.12523999999999,158.08
2026-09-27T05:30+02:00,688.012,95.49896000000001,105.12523999999999,159.4
2026-09-27T05:45+02:00,688.012,95.49896000000001,105.12523999999999,156.76
2026-09-27T06:00+02:00,688.396,98.99742,134.39710000000002,157.19
2026-09-27T06:15+02:00,688.396,98.99742,134.39710000000002,159.93
2026-09-27T06:30+02:00,688.396,98.99742,134.39710000000002,166.44
2026-09-27T06:45+02:00,688.396,98.99742,134.39710000000002,167.69
2026-09-27T07:00+02:00,688.284,99.13798,152.71607600000002,184.02
2026-09-27T07:15+02:00,688.284,99.13798,152.71607600000002,171.79
2026-09-27T07:30+02:00,688.284,99.13798,152.71607600000002,153.12
2026-09-27T07:45+02:00,688.284,99.13798,152.71607600000002,134.63
2026-09-27T08:00+02:00,688.644,94.66712,257.356809,160.43
2026-09-27T08:15+02:00,688.644,94.66712,257.356809,143.86
2026-09-27T08:30+02:00,688.644,94.66712,257.356809,119.48
2026-09-27T08:45+02:00,688.644,94.66712,257.356809,89.74
2026-09-27T09:00+02:00,687.776,77.9213,527.353805,86.43
2026-09-27T09:15+02:00,687.776,77.9213,527.353805,48.45
2026-09-27T09:30+02:00,687.776,77.9213,527.353805,23.81
2026-09-27T09:45+02:00,687.776,77.9213,527.353805,16.46
2026-09-27T10:00+02:00,688.34,74.14977999999999,753.915442,9.55
2026-09-27T10:15+02:00,688.34,74.14977999999999,753.915442,1.49
2026-09-27T10:30+02:00,688.34,74.14977999999999,753.915442,0.38
2026-09-27T10:45+02:00,688.34,74.14977999999999,753.915442,0.11
2026-09-27T11:00+02:00,687.568,74.59504,833.585255,-0.58
2026-09-27T11:15+02:00,687.568,74.59504,833.585255,-0.54
2026-09-27T11:30+02:00,687.568,74.59504,833.585255,-0.48
2026-09-27T11:45+02:00,687.568,74.59504,833.585255,-0.57
2026-09-27T12:00+02:00,687.88,74.87328,890.156398,-1.28
2026-09-27T12:15+02:00,687.88,74.87328,890.156398,-1.93
2026-09-27T12:30+02:00,687.88,74.87328,890.156398,-2.04
2026-09-27T12:45+02:00,687.88,74.87328,890.156398,-2.77
2026-09-27T13:00+02:00,687.304,74.86398,906.779196,-2.12
2026-09-27T13:15+02:00,687.304,74.86398,906.779196,-2.76
2026-09-27T13:30+02:00,687.304,74.86398,906.779196,-2.81
2026-09-27T13:45+02:00,687.304,74.86398,906.779196,-2.33
2026-09-27T14:00+02:00,687.96,74.48864,856.171869,-1.75
2026-09-27T14:15+02:00,687.96,74.48864,856.171869,-0.78
2026-09-27T14:30+02:00,687.96,74.48864,856.171869,-0.19
2026-09-27T14:45+02:00,687.96,74.48864,856.171869,-0.12
2026-09-27T15:00+02:00,687.556,73.41596000000001,737.058101,-0.01
2026-09-27T15:15+02:00,687.556,73.41596000000001,737.058101,-0.01
2026-09-27T15:30+02:00,687.556,73.41596000000001,737.058101,0
2026-09-27T15:45+02:00,687.556,73.41596000000001,737.058101,0
2026-09-27T16:00+02:00,686.9,72.20204,627.872519,0
2026-09-27T16:15+02:00,686.9,72.20204,627.872519,0.15
2026-09-27T16:30+02:00,686.9,72.20204,627.872519,7.01
2026-09-27T16:45+02:00,686.9,72.20204,627.872519,45.25
2026-09-27T17:00+02:00,687.368,85.02068,473.96755100000007,41.25
2026-09-27T17:15+02:00,687.368,85.02068,473.96755100000007,136.65
2026-09-27T17:30+02:00,687.368,85.02068,473.96755100000007,163.69
2026-09-27T17:45+02:00,687.368,85.02068,473.96755100000007,182.52
2026-09-27T18:00+02:00,687.108,94.54752,513.526915,168.79
2026-09-27T18:15+02:00,687.108,94.54752,513.526915,189.77
2026-09-27T18:30+02:00,687.108,94.54752,513.526915,198.55
2026-09-27T18:45+02:00,687.108,94.54752,513.526915,210.58
2026-09-27T19:00+02:00,687,98.15454,566.9082599999999,194.8
2026-09-27T19:15+02:00,687,98.15454,566.9082599999999,196.07
2026-09-27T19:30+02:00,687,98.15454,566.9082599999999,204.94
2026-09-27T19:45+02:00,687,98.15454,566.9082599999999,224.99
2026-09-27T20:00+02:00,687.02,98.68781999999999,562.6859,198.77
2026-09-27T20:15+02:00,687.02,98.68781999999999,562.6859,210.3
2026-09-27T20:30+02:00,687.02,98.68781999999999,562.6859,208.11
2026-09-27T20:45+02:00,687.02,98.68781999999999,562.6859,202.52
2026-09-27T21:00+02:00,687.6,98.57628,495.96639999999996,205.89
2026-09-27T21:15+02:00,687.6,98.57628,495.96639999999996,209.95
2026-09-27T21:30+02:00,687.6,98.57628,495.96639999999996,194.19
2026-09-27T21:45+02:00,687.6,98.57628,495.96639999999996,192.06
2026-09-27T22:00+02:00,687.76,94.92890000000001,337.33822,199.28
2026-09-27T22:15+02:00,687.76,94.92890000000001,337.33822,205.48
2026-09-27T22:30+02:00,687.76,94.92890000000001,337.33822,200.17
2026-09-27T22:45+02:00,687.76,94.92890000000001,337.33822,191.75
2026-09-27T23:00+02:00,687.636,93.83774,189.52066,196.16
2026-09-27T23:15+02:00,687.636,93.83774,189.52066,190.6
2026-09-27T23:30+02:00,687.636,93.83774,189.52066,180.82
2026-09-27T23:45+02:00,687.636,93.83774,189.52066,177.15
2026-09-28T00:00+02:00,688.376,85.03488,145.45032,185.08
2026-09-28T00:15+02:00,688.376,85.03488,145.45032,190.07
2026-09-28T00:30+02:00,688.376,85.03488,145.45032,181.53
2026-09-28T00:45+02:00,688.376,85.03488,145.45032,172.48
2026-09-28T01:00+02:00,687.876,83.77106,110.4969,170.01
2026-09-28T01:15+02:00,687.876,83.77106,110.4969,172.21
2026-09-28T01:30+02:00,687.876,83.77106,110.4969,176.33
2026-09-28T01:45+02:00,687.876,83.77106,110.4969,175.97
2026-09-28T02:00+02:00,688.396,83.83902,79.57082000000001,169.05
2026-09-28T02:15+02:00,688.396,83.83902,79.57082000000001,166.33
2026-09-28T02:30+02:00,688.396,83.83902,79.57082000000001,172.94
2026-09-28T02:45+02:00,688.396,83.83902,79.57082000000001,163.28
2026-09-28T03:00+02:00,688.748,83.95608,68.55935999999998,165.14
2026-09-28T03:15+02:00,688.748,83.95608,68.55935999999998,167.18
2026-09-28T03:30+02:00,688.748,83.95608,68.55935999999998,168.65
2026-09-28T03:45+02:00,688.748,83.95608,68.55935999999998,164.42
2026-09-28T04:00+02:00,688.812,83.89142,75.73974000000001,159.57
2026-09-28T04:15+02:00,688.812,83.89142,75.73974000000001,166.97
2026-09-28T04:30+02:00,688.812,83.89142,75.73974000000001,169.47
2026-09-28T04:45+02:00,688.812,83.89142,75.73974000000001,175.91
2026-09-28T05:00+02:00,688.764,85.04986,152.70766,175.83
2026-09-28T05:15+02:00,688.764,85.04986,152.70766,184.38
2026-09-28T05:30+02:00,688.764,85.04986,152.70766,183.48
2026-09-28T05:45+02:00,688.764,85.04986,152.70766,185.9
2026-09-28T06:00+02:00,689.268,98.86712,397.64699999999993,193.68
2026-09-28T06:15+02:00,689.268,98.86712,397.64699999999993,204.99
2026-09-28T06:30+02:00,689.268,98.86712,397.64699999999993,214.84
2026-09-28T06:45+02:00,689.268,98.86712,397.64699999999993,231.02
2026-09-28T07:00+02:00,688.44,99.76706,579.362603,234.48
2026-09-28T07:15+02:00,688.44,99.76706,579.362603,244.02
2026-09-28T07:30+02:00,688.44,99.76706,579.362603,246.3
2026-09-28T07:45+02:00,688.44,99.76706,579.362603,245.84
2026-09-28T08:00+02:00,687.88,99.66904000000001,568.153073,275.95
2026-09-28T08:15+02:00,687.88,99.66904000000001,568.153073,230.01
2026-09-28T08:30+02:00,687.88,99.66904000000001,568.153073,168.67
2026-09-28T08:45+02:00,687.88,99.66904000000001,568.153073,120.94
2026-09-28T09:00+02:00,688.556,78.51166,596.294108,126.91
2026-09-28T09:15+02:00,688.556,78.51166,596.294108,111.72
2026-09-28T09:30+02:00,688.556,78.51166,596.294108,46.46
2026-09-28T09:45+02:00,688.556,78.51166,596.294108,30.56
2026-09-28T10:00+02:00,687.748,72.70558000000001,738.074676,137.81
2026-09-28T10:15+02:00,687.748,72.70558000000001,738.074676,126.2
2026-09-28T10:30+02:00,687.748,72.70558000000001,738.074676,40.88
2026-09-28T10:45+02:00,687.748,72.70558000000001,738.074676,24.87
2026-09-28T11:00+02:00,688.48,72.85996000000002,878.0722519999999,22.96
2026-09-28T11:15+02:00,688.48,72.85996000000002,878.0722519999999,17.72
2026-09-28T11:30+02:00,688.48,72.85996000000002,878.0722519999999,16.41
2026-09-28T11:45+02:00,688.48,72.85996000000002,878.0722519999999,16.49
2026-09-28T12:00+02:00,687.9,72.3091,955.045995,17.55
2026-09-28T12:15+02:00,687.9,72.3091,955.045995,17.23
2026-09-28T12:30+02:00,687.9,72.3091,955.045995,16.77
2026-09-28T12:45+02:00,687.9,72.3091,955.045995,17.24
2026-09-28T13:00+02:00,687.452,72.57114,961.928105,14.29
2026-09-28T13:15+02:00,687.452,72.57114,961.928105,14.06
2026-09-28T13:30+02:00,687.452,72.57114,961.928105,14.25
2026-09-28T13:45+02:00,687.452,72.57114,961.928105,13.5
2026-09-28T14:00+02:00,687.82,72.38632,946.2643350000001,21.72
2026-09-28T14:15+02:00,687.82,72.38632,946.2643350000001,29.39
2026-09-28T14:30+02:00,687.82,72.38632,946.2643350000001,46.14
2026-09-28T14:45+02:00,687.82,72.38632,946.2643350000001,77.09
2026-09-28T15:00+02:00,687.24,72.37026,821.1931179999999,110.15
2026-09-28T15:15+02:00,687.24,72.37026,821.1931179999999,119.03
2026-09-28T15:30+02:00,687.24,72.37026,821.1931179999999,156.5
2026-09-28T15:45+02:00,687.24,72.37026,821.1931179999999,171.32
2026-09-28T16:00+02:00,687.96,72.37445999999998,636.946842,127
2026-09-28T16:15+02:00,687.96,72.37445999999998,636.946842,178.37
2026-09-28T16:30+02:00,687.96,72.37445999999998,636.946842,213.8
2026-09-28T16:45+02:00,687.96,72.37445999999998,636.946842,238.6
2026-09-28T17:00+02:00,687.744,89.90642,587.470501,207.45
2026-09-28T17:15+02:00,687.744,89.90642,587.470501,231.26
2026-09-28T17:30+02:00,687.744,89.90642,587.470501,241.07
2026-09-28T17:45+02:00,687.744,89.90642,587.470501,266.9
2026-09-28T18:00+02:00,687.404,152.66559999999998,592.511536,244.77
2026-09-28T18:15+02:00,687.404,152.66559999999998,592.511536,277.92
2026-09-28T18:30+02:00,687.404,152.66559999999998,592.511536,314.64
2026-09-28T18:45+02:00,687.404,152.66559999999998,592.511536,390.6
2026-09-28T19:00+02:00,688.448,207.37266,606.0726199999999,350
2026-09-28T19:15+02:00,688.448,207.37266,606.0726199999999,354
2026-09-28T19:30+02:00,688.448,207.37266,606.0726199999999,349.99
2026-09-28T19:45+02:00,688.448,207.37266,606.0726199999999,314.86
2026-09-28T20:00+02:00,687.776,208.02852000000001,585.1273599999998,320.83
2026-09-28T20:15+02:00,687.776,208.02852000000001,585.1273599999998,280.59
2026-09-28T20:30+02:00,687.776,208.02852000000001,585.1273599999998,260.91
2026-09-28T20:45+02:00,687.776,208.02852000000001,585.1273599999998,246.9
2026-09-28T21:00+02:00,687.636,100.66734,536.22166,252.58
2026-09-28T21:15+02:00,687.636,100.66734,536.22166,234.44
2026-09-28T21:30+02:00,687.636,100.66734,536.22166,223.98
2026-09-28T21:45+02:00,687.636,100.66734,536.22166,205
2026-09-28T22:00+02:00,687.684,88.06,497.11568,216.93
2026-09-28T22:15+02:00,687.684,88.06,497.11568,208.16
2026-09-28T22:30+02:00,687.684,88.06,497.11568,201.99
2026-09-28T22:45+02:00,687.684,88.06,497.11568,186.32
2026-09-28T23:00+02:00,687.684,83.82608,333.75548,197.01
2026-09-28T23:15+02:00,687.684,83.82608,333.75548,187.78
2026-09-28T23:30+02:00,687.684,83.82608,333.75548,179.24
2026-09-28T23:45+02:00,687.684,83.82608,333.75548,167.32
2026-09-29T00:00+02:00,688.724,93.93722,235.6725,234.77
2026-09-29T00:15+02:00,688.724,93.93722,235.6725,200
2026-09-29T00:30+02:00,688.724,93.93722,235.6725,186.23
2026-09-29T00:45+02:00,688.724,93.93722,235.6725,179.02
2026-09-29T01:00+02:00,688.632,93.79376,96.0794,189.31
2026-09-29T01:15+02:00,688.632,93.79376,96.0794,181.93
2026-09-29T01:30+02:00,688.632,93.79376,96.0794,180.51
2026-09-29T01:45+02:00,688.632,93.79376,96.0794,177.28
2026-09-29T02:00+02:00,688.856,93.96452,86.04032000000001,183.34
2026-09-29T02:15+02:00,688.856,93.96452,86.04032000000001,182.85
2026-09-29T02:30+02:00,688.856,93.96452,86.04032000000001,179.6
2026-09-29T02:45+02:00,688.856,93.96452,86.04032000000001,177.1
2026-09-29T03:00+02:00,688.924,93.8138,77.48656000000001,174.13
2026-09-29T03:15+02:00,688.924,93.8138,77.48656000000001,174.48
2026-09-29T03:30+02:00,688.924,93.8138,77.48656000000001,165.88
2026-09-29T03:45+02:00,688.924,93.8138,77.48656000000001,173.95
2026-09-29T04:00+02:00,689.084,93.75578,76.03194,168.45
2026-09-29T04:15+02:00,689.084,93.75578,76.03194,170.95
2026-09-29T04:30+02:00,689.084,93.75578,76.03194,171.02
2026-09-29T04:45+02:00,689.084,93.75578,76.03194,159.12
2026-09-29T05:00+02:00,689.248,94.84889999999999,84.81573999999999,167.07
2026-09-29T05:15+02:00,689.248,94.84889999999999,84.81573999999999,171.53
2026-09-29T05:30+02:00,689.248,94.84889999999999,84.81573999999999,183.31
2026-09-29T05:45+02:00,689.248,94.84889999999999,84.81573999999999,188.41
2026-09-29T06:00+02:00,689.26,98.56080000000001,226.0476,213.02
2026-09-29T06:15+02:00,689.26,98.56080000000001,226.0476,218.24
2026-09-29T06:30+02:00,689.26,98.56080000000001,226.0476,231.3
2026-09-29T06:45+02:00,689.26,98.56080000000001,226.0476,227.64
2026-09-29T07:00+02:00,689.22,99.45792,523.39844,252.72
2026-09-29T07:15+02:00,689.22,99.45792,523.39844,252.55
2026-09-29T07:30+02:00,689.22,99.45792,523.39844,252.84
2026-09-29T07:45+02:00,689.22,99.45792,523.39844,250.23
2026-09-29T08:00+02:00,688.6,99.85284,513.443055,239.43
2026-09-29T08:15+02:00,688.6,99.85284,513.443055,234.89
2026-09-29T08:30+02:00,688.6,99.85284,513.443055,224.68
2026-09-29T08:45+02:00,688.6,99.85284,513.443055,205.65
2026-09-29T09:00+02:00,687.836,78.33444,572.319846,227.61
2026-09-29T09:15+02:00,687.836,78.33444,572.319846,178.29
2026-09-29T09:30+02:00,687.836,78.33444,572.319846,142.35
2026-09-29T09:45+02:00,687.836,78.33444,572.319846,131.29
2026-09-29T10:00+02:00,687.912,73.18768,732.423093,82.61
2026-09-29T10:15+02:00,687.912,73.18768,732.423093,72.49
2026-09-29T10:30+02:00,687.912,73.18768,732.423093,62.04
2026-09-29T10:45+02:00,687.912,73.18768,732.423093,61.66
2026-09-29T11:00+02:00,687.648,72.47148,914.759524,97.04
2026-09-29T11:15+02:00,687.648,72.47148,914.759524,95.02
2026-09-29T11:30+02:00,687.648,72.47148,914.759524,99.26
2026-09-29T11:45+02:00,687.648,72.47148,914.759524,91.99
2026-09-29T12:00+02:00,687.792,72.191,993.832547,91.8
2026-09-29T12:15+02:00,687.792,72.191,993.832547,83.34
2026-09-29T12:30+02:00,687.792,72.191,993.832547,88.94
2026-09-29T12:45+02:00,687.792,72.191,993.832547,80.12
2026-09-29T13:00+02:00,684.988,71.9158,1010.124569,88.7
2026-09-29T13:15+02:00,684.988,71.9158,1010.124569,82.53
2026-09-29T13:30+02:00,684.988,71.9158,1010.124569,72.09
2026-09-29T13:45+02:00,684.988,71.9158,1010.124569,60.77
2026-09-29T14:00+02:00,685.132,71.94862,955.0235329999999,65.66
2026-09-29T14:15+02:00,685.132,71.94862,955.0235329999999,79.03
2026-09-29T14:30+02:00,685.132,71.94862,955.0235329999999,88.03
2026-09-29T14:45+02:00,685.132,71.94862,955.0235329999999,93.47
2026-09-29T15:00+02:00,685.52,71.91366000000001,832.193045,89.63
2026-09-29T15:15+02:00,685.52,71.91366000000001,832.193045,108.94
2026-09-29T15:30+02:00,685.52,71.91366000000001,832.193045,122.63
2026-09-29T15:45+02:00,685.52,71.91366000000001,832.193045,141.54
2026-09-29T16:00+02:00,685.976,72.10408,645.325607,128.77
2026-09-29T16:15+02:00,685.976,72.10408,645.325607,166.7
2026-09-29T16:30+02:00,685.976,72.10408,645.325607,175.16
2026-09-29T16:45+02:00,685.976,72.10408,645.325607,218.94
2026-09-29T17:00+02:00,685.216,84.94526,557.3403259999999,187.45
2026-09-29T17:15+02:00,685.216,84.94526,557.3403259999999,205
2026-09-29T17:30+02:00,685.216,84.94526,557.3403259999999,230.56
2026-09-29T17:45+02:00,685.216,84.94526,557.3403259999999,237.8
2026-09-29T18:00+02:00,684.784,98.37837999999999,577.709049,225.01
2026-09-29T18:15+02:00,684.784,98.37837999999999,577.709049,234.14
2026-09-29T18:30+02:00,684.784,98.37837999999999,577.709049,242.36
2026-09-29T18:45+02:00,684.784,98.37837999999999,577.709049,257
2026-09-29T19:00+02:00,685.552,98.95144,595.53384,246.6
2026-09-29T19:15+02:00,685.552,98.95144,595.53384,250.72
2026-09-29T19:30+02:00,685.552,98.95144,595.53384,260
2026-09-29T19:45+02:00,685.552,98.95144,595.53384,252.05
2026-09-29T20:00+02:00,685.616,98.66328,546.6969599999999,223.33
2026-09-29T20:15+02:00,685.616,98.66328,546.6969599999999,224.18
2026-09-29T20:30+02:00,685.616,98.66328,546.6969599999999,213.25
2026-09-29T20:45+02:00,685.616,98.66328,546.6969599999999,205.9
2026-09-29T21:00+02:00,685.94,96.11186000000001,387.9383,212.46
2026-09-29T21:15+02:00,685.94,96.11186000000001,387.9383,218.79
2026-09-29T21:30+02:00,685.94,96.11186000000001,387.9383,218.21
2026-09-29T21:45+02:00,685.94,96.11186000000001,387.9383,204.27
2026-09-29T22:00+02:00,686.052,94.4127,194.80082000000004,225.17
2026-09-29T22:15+02:00,686.052,94.4127,194.80082000000004,213.18
2026-09-29T22:30+02:00,686.052,94.4127,194.80082000000004,205
2026-09-29T22:45+02:00,686.052,94.4127,194.80082000000004,185.47
2026-09-29T23:00+02:00,686.116,93.94480000000001,125.72768,192.39
2026-09-29T23:15+02:00,686.116,93.94480000000001,125.72768,188.55
2026-09-29T23:30+02:00,686.116,93.94480000000001,125.72768,179.55
2026-09-29T23:45+02:00,686.116,93.94480000000001,125.72768,174.73
2026-09-30T00:00+02:00,686.364,98.96474,100.90302,168.63
2026-09-30T00:15+02:00,686.364,98.96474,100.90302,149.08
2026-09-30T00:30+02:00,686.364,98.96474,100.90302,127.63
2026-09-30T00:45+02:00,686.364,98.96474,100.90302,133.02
2026-09-30T01:00+02:00,686.808,98.59544,90.68488,146.45
2026-09-30T01:15+02:00,686.808,98.59544,90.68488,118.6
2026-09-30T01:30+02:00,686.808,98.59544,90.68488,117.44
2026-09-30T01:45+02:00,686.808,98.59544,90.68488,146.11
2026-09-30T02:00+02:00,687.368,98.41579999999999,91.75356,144.08
2026-09-30T02:15+02:00,687.368,98.41579999999999,91.75356,143.64
2026-09-30T02:30+02:00,687.368,98.41579999999999,91.75356,148.1
2026-09-30T02:45+02:00,687.368,98.41579999999999,91.75356,146.32
2026-09-30T03:00+02:00,687.304,98.46101999999999,86.97405999999998,150.37
2026-09-30T03:15+02:00,687.304,98.46101999999999,86.97405999999998,152.61
2026-09-30T03:30+02:00,687.304,98.46101999999999,86.97405999999998,144.91
2026-09-30T03:45+02:00,687.304,98.46101999999999,86.97405999999998,158.88
2026-09-30T04:00+02:00,687.404,98.44046,83.66554000000001,152.12
2026-09-30T04:15+02:00,687.404,98.44046,83.66554000000001,155.11
2026-09-30T04:30+02:00,687.404,98.44046,83.66554000000001,158.26
2026-09-30T04:45+02:00,687.404,98.44046,83.66554000000001,168.14
2026-09-30T05:00+02:00,688.576,100.23178,130.34258000000003,164.24
2026-09-30T05:15+02:00,688.576,100.23178,130.34258000000003,170.95
2026-09-30T05:30+02:00,688.576,100.23178,130.34258000000003,178.8
2026-09-30T05:45+02:00,688.576,100.23178,130.34258000000003,206.01
2026-09-30T06:00+02:00,687.924,104.14264,164.55552,188.83
2026-09-30T06:15+02:00,687.924,104.14264,164.55552,214.92
2026-09-30T06:30+02:00,687.924,104.14264,164.55552,223.4
2026-09-30T06:45+02:00,687.924,104.14264,164.55552,227.94
2026-09-30T07:00+02:00,687.176,105.21705999999999,478.42578,231.73
2026-09-30T07:15+02:00,687.176,105.21705999999999,478.42578,230.56
2026-09-30T07:30+02:00,687.176,105.21705999999999,478.42578,228.9
2026-09-30T07:45+02:00,687.176,105.21705999999999,478.42578,223.47
2026-09-30T08:00+02:00,686.724,105.03966000000001,471.434477,237.97
2026-09-30T08:15+02:00,686.724,105.03966000000001,471.434477,216.92
2026-09-30T08:30+02:00,686.724,105.03966000000001,471.434477,191.02
2026-09-30T08:45+02:00,686.724,105.03966000000001,471.434477,157.86
2026-09-30T09:00+02:00,685.916,81.94261999999999,483.377031,122.7
2026-09-30T09:15+02:00,685.916,81.94261999999999,483.377031,107.26
2026-09-30T09:30+02:00,685.916,81.94261999999999,483.377031,89.07
2026-09-30T09:45+02:00,685.916,81.94261999999999,483.377031,82.77
2026-09-30T10:00+02:00,686.044,74.19796,679.632537,98.24
2026-09-30T10:15+02:00,686.044,74.19796,679.632537,90.84
2026-09-30T10:30+02:00,686.044,74.19796,679.632537,62.17
2026-09-30T10:45+02:00,686.044,74.19796,679.632537,44.05
2026-09-30T11:00+02:00,685.592,74.18910000000001,812.852128,47.52
2026-09-30T11:15+02:00,685.592,74.18910000000001,812.852128,22.8
2026-09-30T11:30+02:00,685.592,74.18910000000001,812.852128,10.98
2026-09-30T11:45+02:00,685.592,74.18910000000001,812.852128,12.01
2026-09-30T12:00+02:00,686.036,72.79964,880.758955,9.22
2026-09-30T12:15+02:00,686.036,72.79964,880.758955,10.73
2026-09-30T12:30+02:00,686.036,72.79964,880.758955,11.16
2026-09-30T12:45+02:00,686.036,72.79964,880.758955,11.32
2026-09-30T13:00+02:00,684.82,75.72895999999999,911.660898,11.78
2026-09-30T13:15+02:00,684.82,75.72895999999999,911.660898,12.44
2026-09-30T13:30+02:00,684.82,75.72895999999999,911.660898,12.91
2026-09-30T13:45+02:00,684.82,75.72895999999999,911.660898,11.65
2026-09-30T14:00+02:00,684.648,72.15776,869.334003,13.03
2026-09-30T14:15+02:00,684.648,72.15776,869.334003,14.37
2026-09-30T14:30+02:00,684.648,72.15776,869.334003,13.81
2026-09-30T14:45+02:00,684.648,72.15776,869.334003,11.2
2026-09-30T15:00+02:00,684.804,72.21781999999999,763.2258549999999,39.15
2026-09-30T15:15+02:00,684.804,72.21781999999999,763.2258549999999,87.18
2026-09-30T15:30+02:00,684.804,72.21781999999999,763.2258549999999,104.19
2026-09-30T15:45+02:00,684.804,72.21781999999999,763.2258549999999,114.29
2026-09-30T16:00+02:00,684.596,72.15056000000001,585.569788,109.29
2026-09-30T16:15+02:00,684.596,72.15056000000001,585.569788,133.44
2026-09-30T16:30+02:00,684.596,72.15056000000001,585.569788,175.39
2026-09-30T16:45+02:00,684.596,72.15056000000001,585.569788,203.63
2026-09-30T17:00+02:00,684.3,85.22536000000001,427.15185599999995,177.86
2026-09-30T17:15+02:00,684.3,85.22536000000001,427.15185599999995,196.78
2026-09-30T17:30+02:00,684.3,85.22536000000001,427.15185599999995,213.58
2026-09-30T17:45+02:00,684.3,85.22536000000001,427.15185599999995,237.64
2026-09-30T18:00+02:00,683.98,98.7054,521.8341439999999,214.87
2026-09-30T18:15+02:00,683.98,98.7054,521.8341439999999,228.7
2026-09-30T18:30+02:00,683.98,98.7054,521.8341439999999,237.26
2026-09-30T18:45+02:00,683.98,98.7054,521.8341439999999,251.77
2026-09-30T19:00+02:00,682.228,104.26724,578.7292000000001,243.48
2026-09-30T19:15+02:00,682.228,104.26724,578.7292000000001,249.5
2026-09-30T19:30+02:00,682.228,104.26724,578.7292000000001,259.3
2026-09-30T19:45+02:00,682.228,104.26724,578.7292000000001,260.2
2026-09-30T20:00+02:00,682.696,105.04146,566.80526,247.71
2026-09-30T20:15+02:00,682.696,105.04146,566.80526,247.75
2026-09-30T20:30+02:00,682.696,105.04146,566.80526,231.4
2026-09-30T20:45+02:00,682.696,105.04146,566.80526,220.68
2026-09-30T21:00+02:00,683.056,101.21078000000001,477.96506,241.84
2026-09-30T21:15+02:00,683.056,101.21078000000001,477.96506,227.23
2026-09-30T21:30+02:00,683.056,101.21078000000001,477.96506,212.9
2026-09-30T21:45+02:00,683.056,101.21078000000001,477.96506,191.59
2026-09-30T22:00+02:00,682.46,100.00342,319.14954,223.49
2026-09-30T22:15+02:00,682.46,100.00342,319.14954,204.54
2026-09-30T22:30+02:00,682.46,100.00342,319.14954,200.96
2026-09-30T22:45+02:00,682.46,100.00342,319.14954,190
2026-09-30T23:00+02:00,682.828,99.86312,141.41564,204
2026-09-30T23:15+02:00,682.828,99.86312,141.41564,200.26
2026-09-30T23:30+02:00,682.828,99.86312,141.41564,196
2026-09-30T23:45+02:00,682.828,99.86312,141.41564,179.4